part,q,maxResults,type,order,publishedAfter,publishedBefore,regionCode,relevanceLanguage
"id,snippet",roupas de luxo para pet 2026,50,video,relevance,2026-05-01T00:00:00Z,2026-05-31T00:00:00Z,BR,pt
VtXUuB1mrVM,"snippet,statistics,contentDetails,status,liveStreamingDetails,localizations,topicDetails,recordingDetails"
VtXUuB1mrVM,"snippet,statistics,contentDetails,status,liveStreamingDetails,localizations,topicDetails,recordingDetails"
"snippet,statistics,contentDetails,brandingSettings",UCbOokXOV-k0YeLhi-yAh3-w
"snippet,replies",VtXUuB1mrVM,100,,plainText
snippet,UgzZVdpP6oyBiQtPwXx4AaABAg,100,,plainText
"snippet,replies",VtXUuB1mrVM,100,Z2V0X25ld2VzdF9maXJzdC0tQ2dnSWdBUVZGN2ZST0JJRkNLZ2dHQUFTQlFpSUlCZ0FFZ1VJaVNBWUFCSUZDSjBnR0FFU0JRaUhJQmdBSWc0S0RBaUM3dTNQQmhDZ280QzhBdw==,plainText
snippet,UgzpHIs3x8iLCU79Pb94AaABAg,100,,plainText
ydSW5084cw0,"snippet,statistics,contentDetails,status,liveStreamingDetails,localizations,topicDetails,recordingDetails"
ydSW5084cw0,"snippet,statistics,contentDetails,status,liveStreamingDetails,localizations,topicDetails,recordingDetails"
"snippet,statistics,contentDetails,brandingSettings",UC27-v-X7tP2gi29W-m8R5gQ
"snippet,replies",ydSW5084cw0,100,,plainText
fXK2ifba0jg,"snippet,statistics,contentDetails,status,liveStreamingDetails,localizations,topicDetails,recordingDetails"
fXK2ifba0jg,"snippet,statistics,contentDetails,status,liveStreamingDetails,localizations,topicDetails,recordingDetails"
"snippet,statistics,contentDetails,brandingSettings",UCEKOGRvbli0XzuBc6Wpae8g
"snippet,replies",fXK2ifba0jg,100,,plainText
snippet,UgxzmTki_wBUH0khaBh4AaABAg,100,,plainText
RA7BdjPDV7E,"snippet,statistics,contentDetails,status,liveStreamingDetails,localizations,topicDetails,recordingDetails"
RA7BdjPDV7E,"snippet,statistics,contentDetails,status,liveStreamingDetails,localizations,topicDetails,recordingDetails"
"snippet,statistics,contentDetails,brandingSettings",UCOOISv2NsoDaQQNMN8pEZdA
"snippet,replies",RA7BdjPDV7E,100,,plainText
"snippet,replies",RA7BdjPDV7E,100,Z2V0X25ld2VzdF9maXJzdC0tQ2dnSWdBUVZGN2ZST0JJRkNJZ2dHQUFTQlFpSElCZ0FFZ1VJblNBWUFSSUZDSWtnR0FBU0JRaW9JQmdBSWcwS0N3aWN0WmpRQmhEWTVkby0=,plainText
snippet,UgzUZuzSAILwe7Mhqqd4AaABAg,100,,plainText
sNFMuV8uDgw,"snippet,statistics,contentDetails,status,liveStreamingDetails,localizations,topicDetails,recordingDetails"
r1zpWn8Y_1o,"snippet,statistics,contentDetails,status,liveStreamingDetails,localizations,topicDetails,recordingDetails"
r1zpWn8Y_1o,"snippet,statistics,contentDetails,status,liveStreamingDetails,localizations,topicDetails,recordingDetails"
"snippet,statistics,contentDetails,brandingSettings",UC0Iq_yxSU0rNUoSpho9FS7Q
"snippet,replies",r1zpWn8Y_1o,100,,plainText
snippet,UgzmBYPK4iWNFkLHFlx4AaABAg,100,,plainText
snippet,UgwMyxeGrHanh_1IU2V4AaABAg,100,,plainText
snippet,Ugxmt6wzzuzPj0yMzdF4AaABAg,100,,plainText
snippet,UgzvJ3Q02HWqEWrBiNB4AaABAg,100,,plainText
snippet,UgwK1kosc1gBkk6saXh4AaABAg,100,,plainText
snippet,UgzHmCCuW9aLIlby_JB4AaABAg,100,,plainText
snippet,UgyyvyA71j9Sm8QMXJF4AaABAg,100,,plainText
snippet,UgydiUAUrQQGJX3j_It4AaABAg,100,,plainText
snippet,Ugwtur8Wx0Bjx9G_oqN4AaABAg,100,,plainText
snippet,UgxD5U2yG-H_Ouwzonx4AaABAg,100,,plainText
IagOI4atfh8,"snippet,statistics,contentDetails,status,liveStreamingDetails,localizations,topicDetails,recordingDetails"
GrjwS_qykkw,"snippet,statistics,contentDetails,status,liveStreamingDetails,localizations,topicDetails,recordingDetails"
GrjwS_qykkw,"snippet,statistics,contentDetails,status,liveStreamingDetails,localizations,topicDetails,recordingDetails"
"snippet,statistics,contentDetails,brandingSettings",UCBI09ux7akOIT_oY2UFnh9Q
"snippet,replies",GrjwS_qykkw,100,,plainText
snippet,UgxRYeX2Xmo8VUk0gSN4AaABAg,100,,plainText
snippet,UgznjiQ0rlySGj0jK_h4AaABAg,100,,plainText
snippet,UgxkddSIaz9dplKqUiN4AaABAg,100,,plainText
snippet,UgzGNHjYbmcqhh76p1t4AaABAg,100,,plainText
snippet,UgyB-V9oliP4UqX8N3x4AaABAg,100,,plainText
_cwp5Q4oP6M,"snippet,statistics,contentDetails,status,liveStreamingDetails,localizations,topicDetails,recordingDetails"
_cwp5Q4oP6M,"snippet,statistics,contentDetails,status,liveStreamingDetails,localizations,topicDetails,recordingDetails"
"snippet,statistics,contentDetails,brandingSettings",UChoIBiLdpXqqamkUF_9QEcQ
"snippet,replies",_cwp5Q4oP6M,100,,plainText
snippet,UgzuP7BVB9azfa9g-6Z4AaABAg,100,,plainText
snippet,UgxIalVoK5s6ANjCLTF4AaABAg,100,,plainText
snippet,Ugw7GLcwyBeEQxCBonZ4AaABAg,100,,plainText
"id,snippet",boutique para pet 2026,50,video,relevance,2026-05-01T00:00:00Z,2026-05-31T00:00:00Z,BR,pt
fVcmQyi4v7M,"snippet,statistics,contentDetails,status,liveStreamingDetails,localizations,topicDetails,recordingDetails"
fVcmQyi4v7M,"snippet,statistics,contentDetails,status,liveStreamingDetails,localizations,topicDetails,recordingDetails"
"snippet,statistics,contentDetails,brandingSettings",UCmbBt0JpdxCoJdaTOeooNdQ
"snippet,replies",fVcmQyi4v7M,100,,plainText
snippet,Ugz8Ut5Zy22F3sv_Lk54AaABAg,100,,plainText
snippet,UgxjSF5FEK_4vXqkDDV4AaABAg,100,,plainText
snippet,Ugw__HbRcJTt-uQfOJt4AaABAg,100,,plainText
snippet,UgzSOt3vHp_C_lI-w_l4AaABAg,100,,plainText
gMJdXLsKkzs,"snippet,statistics,contentDetails,status,liveStreamingDetails,localizations,topicDetails,recordingDetails"
"id,snippet",roupas de luxo para pet 2026,50,video,relevance,2026-04-01T00:00:00Z,2026-05-01T00:00:00Z,BR,pt
Xo_MaMJL2wI,"snippet,statistics,contentDetails,status,liveStreamingDetails,localizations,topicDetails,recordingDetails"
Xo_MaMJL2wI,"snippet,statistics,contentDetails,status,liveStreamingDetails,localizations,topicDetails,recordingDetails"
"snippet,statistics,contentDetails,brandingSettings",UCpN8uqhKRLWtfSh5EYMrGow
"snippet,replies",Xo_MaMJL2wI,100,,plainText
snippet,UgzSsl2PJ3SOs_uP-eZ4AaABAg,100,,plainText
snippet,UgxaCJjcR4y3JfmbPPx4AaABAg,100,,plainText
snippet,UgyEoF2HtXe1UJ-_CJJ4AaABAg,100,,plainText
"snippet,replies",Xo_MaMJL2wI,100,Z2V0X25ld2VzdF9maXJzdC0tQ2dnSWdBUVZGN2ZST0JJRkNJa2dHQUFTQlFpSUlCZ0FFZ1VJcUNBWUFCSUZDSjBnR0FFU0JRaUhJQmdBSWc0S0RBanRnSVBRQmhEWXR0Q0dBdw==,plainText
snippet,UgxkBiQ5JmyLKTBl1KR4AaABAg,100,,plainText
snippet,UgwYemJNUuVTMQdNLel4AaABAg,100,,plainText
snippet,Ugyc2u8WPWLt2VrAb3t4AaABAg,100,,plainText
snippet,UgxmH0pftnZZCFCKej94AaABAg,100,,plainText
snippet,UgyZFxh4IAQ5m6hzvqh4AaABAg,100,,plainText
snippet,UgzMoUwnO42jcf_h_KJ4AaABAg,100,,plainText
snippet,UgzYzNsyPV30NH0q6mN4AaABAg,100,,plainText
snippet,UgyZvkdggY_t4R1PGCV4AaABAg,100,,plainText
"snippet,replies",Xo_MaMJL2wI,100,Z2V0X25ld2VzdF9maXJzdC0tQ2dnSWdBUVZGN2ZST0JJRkNKMGdHQUVTQlFpSUlCZ0FFZ1VJaVNBWUFCSUZDS2dnR0FBU0JRaUhJQmdBSWcwS0N3aUN3X1RPQmhEUTk1QjY=,plainText
snippet,Ugw6mvfnpB0p8UbTGLl4AaABAg,100,,plainText
snippet,Ugxj_nf79DNhEbHH4Nh4AaABAg,100,,plainText
snippet,Ugw2v3TT4DbKoEuEAeV4AaABAg,100,,plainText
snippet,UgwPdZASsOClYve3i_J4AaABAg,100,,plainText
snippet,UgyMNiIjzxgtTYqwOGp4AaABAg,100,,plainText
snippet,Ugw6HA_0CEebDjAOQSB4AaABAg,100,,plainText
snippet,UgzOJb1ldsA74a289Qp4AaABAg,100,,plainText
snippet,UgxIdAICWo7K26bwqn94AaABAg,100,,plainText
snippet,UgyfpJsojpRh8FnSu5p4AaABAg,100,,plainText
snippet,Ugy_yqYzG3NM15IBXyh4AaABAg,100,,plainText
snippet,Ugx4TsIwpBQzwj4BqmV4AaABAg,100,,plainText
snippet,UgzwquCmz8Nj3OqX53p4AaABAg,100,,plainText
snippet,Ugwrn4c8TCwm-I7Jj5B4AaABAg,100,,plainText
snippet,UgwEIqEw2BOm68Df5at4AaABAg,100,,plainText
snippet,UgzbST8GY31_JPU5Yd54AaABAg,100,,plainText
snippet,UgzD6-sB6ErGSwcaYYZ4AaABAg,100,,plainText
snippet,UgxOSFcGsg05Ha2sdJV4AaABAg,100,,plainText
"snippet,replies",Xo_MaMJL2wI,100,Z2V0X25ld2VzdF9maXJzdC0tQ2dnSWdBUVZGN2ZST0JJRkNLZ2dHQUFTQlFpSUlCZ0FFZ1VJblNBWUFSSUZDSWtnR0FBU0JRaUhJQmdBSWc0S0RBaWZyY0hPQmhENHJ0Mk1BUQ==,plainText
snippet,UgzGUjbZSF-_CVVd83d4AaABAg,100,,plainText
snippet,UgxH8311DFwkx2dw5vF4AaABAg,100,,plainText
snippet,UgzXVGPk0WYbxL3cAXt4AaABAg,100,,plainText
snippet,Ugy14Ytg1Ij-A3bas0B4AaABAg,100,,plainText
snippet,UgyyLTNMnSx5C2ch1r14AaABAg,100,,plainText
snippet,UgySpncNWdL-dwUP1OJ4AaABAg,100,,plainText
snippet,UgzZH3iKjk9F0G6DWjJ4AaABAg,100,,plainText
snippet,UgxEvCp2YvW89gi2pLl4AaABAg,100,,plainText
snippet,Ugwl7FG8mF8kEXsfuqV4AaABAg,100,,plainText
snippet,UgzEf_U7u0nIay10Eph4AaABAg,100,,plainText
snippet,UgyHTxalnLx3rUfncU14AaABAg,100,,plainText
snippet,UgzomtiBLi5BPg0m-1t4AaABAg,100,,plainText
snippet,Ugw41DQ8Xt7u1rr-tON4AaABAg,100,,plainText
snippet,UgyVUxfnFKvnQ8r_JM94AaABAg,100,,plainText
snippet,UgxZTrC3cBjwfxejUCp4AaABAg,100,,plainText
snippet,Ugw1LXi0B_SUxMfT6EN4AaABAg,100,,plainText
snippet,UgwDwd4prFu6FZXN01p4AaABAg,100,,plainText
snippet,UgyukF7IlhtZYML4CoF4AaABAg,100,,plainText
snippet,UgwWSa-bjwMooUS8rSZ4AaABAg,100,,plainText
snippet,Ugwnj8yEf4c15JmuUVl4AaABAg,100,,plainText
snippet,Ugy9sGQrtQeX9LU9DnN4AaABAg,100,,plainText
snippet,UgxbGLVt_C8JwR5hgjR4AaABAg,100,,plainText
snippet,UgzSsl2PJ3SOs_uP-eZ4AaABAg,100,,plainText
XQE1Dh9c0M8,"snippet,statistics,contentDetails,status,liveStreamingDetails,localizations,topicDetails,recordingDetails"
XQE1Dh9c0M8,"snippet,statistics,contentDetails,status,liveStreamingDetails,localizations,topicDetails,recordingDetails"
"snippet,statistics,contentDetails,brandingSettings",UCFtWXzqzenfuLTrAnacbRtg
"snippet,replies",XQE1Dh9c0M8,100,,plainText
"id,snippet",boutique para pet 2026,50,video,relevance,2026-04-01T00:00:00Z,2026-05-01T00:00:00Z,BR,pt
PZ1FGaEtXpw,"snippet,statistics,contentDetails,status,liveStreamingDetails,localizations,topicDetails,recordingDetails"
vQK0dqW5l-g,"snippet,statistics,contentDetails,status,liveStreamingDetails,localizations,topicDetails,recordingDetails"
dZA_4i-WvJw,"snippet,statistics,contentDetails,status,liveStreamingDetails,localizations,topicDetails,recordingDetails"
q6ZGBg6_rPs,"snippet,statistics,contentDetails,status,liveStreamingDetails,localizations,topicDetails,recordingDetails"
q6ZGBg6_rPs,"snippet,statistics,contentDetails,status,liveStreamingDetails,localizations,topicDetails,recordingDetails"
"snippet,statistics,contentDetails,brandingSettings",UCs0r9v3oazJfbEtM3tSU1kA
"snippet,replies",q6ZGBg6_rPs,100,,plainText
snippet,UgzTIL7JJeXNwKvQpsB4AaABAg,100,,plainText
snippet,UgzwE4LOuACZQ48vEfN4AaABAg,100,,plainText
snippet,UgzAzGsufO70b2a0YNB4AaABAg,100,,plainText
kMKoLvf_G0Q,"snippet,statistics,contentDetails,status,liveStreamingDetails,localizations,topicDetails,recordingDetails"
kMKoLvf_G0Q,"snippet,statistics,contentDetails,status,liveStreamingDetails,localizations,topicDetails,recordingDetails"
"snippet,statistics,contentDetails,brandingSettings",UC3E8z5P4FemGLQRXixxHL3g
"snippet,replies",kMKoLvf_G0Q,100,,plainText
snippet,Ugx_q4Vs4uCym0YEmcp4AaABAg,100,,plainText
snippet,UgwBpzC_Fkzn01Nr3OZ4AaABAg,100,,plainText
snippet,UgzezwNiprnmKkd8NHp4AaABAg,100,,plainText
snippet,UgzJNzMiRItL5bZHtyp4AaABAg,100,,plainText
snippet,Ugzbf2WHlL40oig1sex4AaABAg,100,,plainText
snippet,UgwzJsPN6vsbVHfb_-d4AaABAg,100,,plainText
snippet,UgyPWkJL0zYLRMwAtNV4AaABAg,100,,plainText
snippet,Ugy3gTbGx-uuRxqPn2R4AaABAg,100,,plainText
snippet,UgzOv32fBS72ql0UYlV4AaABAg,100,,plainText
snippet,UgzorG8Zw57Lp6qstXh4AaABAg,100,,plainText
snippet,UgzLMA7SZYxhLasHMOF4AaABAg,100,,plainText
snippet,UgzvSBse3rQ2UT9HK7F4AaABAg,100,,plainText
snippet,UgzrDiaA_dDK1_RtRAt4AaABAg,100,,plainText
"snippet,replies",kMKoLvf_G0Q,100,Z2V0X25ld2VzdF9maXJzdC0tQ2dnSWdBUVZGN2ZST0JJRkNJZ2dHQUFTQlFpSElCZ0FFZ1VJaVNBWUFCSUZDSjBnR0FFU0JRaW9JQmdBSWc0S0RBaUx5N2pQQmhDd2hZanlBZw==,plainText
snippet,UgxXwFtW_5BgaIJxdW54AaABAg,100,,plainText
snippet,UgzqxzE_-i_f550Ypdh4AaABAg,100,,plainText
PfHd9vPLWFA,"snippet,statistics,contentDetails,status,liveStreamingDetails,localizations,topicDetails,recordingDetails"
wSTqg1AYfiQ,"snippet,statistics,contentDetails,status,liveStreamingDetails,localizations,topicDetails,recordingDetails"
YWAEDh9Oi-8,"snippet,statistics,contentDetails,status,liveStreamingDetails,localizations,topicDetails,recordingDetails"
zGqfE5D9Xkw,"snippet,statistics,contentDetails,status,liveStreamingDetails,localizations,topicDetails,recordingDetails"
iaGlLyWJV24,"snippet,statistics,contentDetails,status,liveStreamingDetails,localizations,topicDetails,recordingDetails"
4ctiSxEL4yM,"snippet,statistics,contentDetails,status,liveStreamingDetails,localizations,topicDetails,recordingDetails"
PE5FnOCbk1s,"snippet,statistics,contentDetails,status,liveStreamingDetails,localizations,topicDetails,recordingDetails"
T7siu9xU6mM,"snippet,statistics,contentDetails,status,liveStreamingDetails,localizations,topicDetails,recordingDetails"
Fd47H3pRFSs,"snippet,statistics,contentDetails,status,liveStreamingDetails,localizations,topicDetails,recordingDetails"
l7EsBOplu5c,"snippet,statistics,contentDetails,status,liveStreamingDetails,localizations,topicDetails,recordingDetails"
l7EsBOplu5c,"snippet,statistics,contentDetails,status,liveStreamingDetails,localizations,topicDetails,recordingDetails"
"snippet,statistics,contentDetails,brandingSettings",UC36mNFIUGAFJhKND1mzsHiA
"snippet,replies",l7EsBOplu5c,100,,plainText
W52HBuMUqtI,"snippet,statistics,contentDetails,status,liveStreamingDetails,localizations,topicDetails,recordingDetails"
C6BvOzLlrnw,"snippet,statistics,contentDetails,status,liveStreamingDetails,localizations,topicDetails,recordingDetails"
"id,snippet",roupas de luxo para pet 2026,50,video,relevance,2026-03-02T00:00:00Z,2026-04-01T00:00:00Z,BR,pt
Z4Nyg4oMJlI,"snippet,statistics,contentDetails,status,liveStreamingDetails,localizations,topicDetails,recordingDetails"
Z4Nyg4oMJlI,"snippet,statistics,contentDetails,status,liveStreamingDetails,localizations,topicDetails,recordingDetails"
"snippet,statistics,contentDetails,brandingSettings",UCLc4izY3Wseh9t7-HxjS4PA
"snippet,replies",Z4Nyg4oMJlI,100,,plainText
snippet,Ugx1ogfQef_mjPNClNl4AaABAg,100,,plainText
snippet,UgyvKv2LfCv70H1R3O14AaABAg,100,,plainText
snippet,UgwkoaBJ_YJfZTPLhFB4AaABAg,100,,plainText
snippet,UgxHPI9FsTxf3h-RLrJ4AaABAg,100,,plainText
"snippet,replies",Z4Nyg4oMJlI,100,Z2V0X25ld2VzdF9maXJzdC0tQ2dnSWdBUVZGN2ZST0JJRkNJa2dHQUFTQlFpb0lCZ0FFZ1VJaHlBWUFCSUZDSWdnR0FBU0JRaWRJQmdCSWc0S0RBaVZfb3JRQmhDQWo3Q1BBdw==,plainText
snippet,Ugyl5mP_IMLInFAnQcl4AaABAg,100,,plainText
snippet,UgxjBVFcLtYFjEeM60B4AaABAg,100,,plainText
"snippet,replies",Z4Nyg4oMJlI,100,Z2V0X25ld2VzdF9maXJzdC0tQ2dnSWdBUVZGN2ZST0JJRkNJZ2dHQUFTQlFpSElCZ0FFZ1VJaVNBWUFCSUZDS2dnR0FBU0JRaWRJQmdCSWc0S0RBakY4TG5QQmhEQWg2Q3dBUQ==,plainText
snippet,Ugxr2tcxnBkDm-jGiYZ4AaABAg,100,,plainText
snippet,UgyicGLRA7KYDak93sB4AaABAg,100,,plainText
snippet,UgwS6wWH7L0RtTKEQJ94AaABAg,100,,plainText
snippet,UgzBu2cTehN4PP_nXht4AaABAg,100,,plainText
"snippet,replies",Z4Nyg4oMJlI,100,Z2V0X25ld2VzdF9maXJzdC0tQ2dnSWdBUVZGN2ZST0JJRkNLZ2dHQUFTQlFpSklCZ0FFZ1VJaUNBWUFCSUZDSWNnR0FBU0JRaWRJQmdCSWcwS0N3akdwLXJPQmhEWTFjcFQ=,plainText
snippet,Ugy-MYOYbVsd6KcQCFB4AaABAg,100,,plainText
"snippet,replies",Z4Nyg4oMJlI,100,Z2V0X25ld2VzdF9maXJzdC0tQ2dnSWdBUVZGN2ZST0JJRkNJY2dHQUFTQlFpSklCZ0FFZ1VJcUNBWUFCSUZDSWdnR0FBU0JRaWRJQmdCSWc0S0RBaS1tNmZPQmhDQS1iakdBdw==,plainText
"snippet,replies",Z4Nyg4oMJlI,100,Z2V0X25ld2VzdF9maXJzdC0tQ2dnSWdBUVZGN2ZST0JJRkNJa2dHQUFTQlFpSElCZ0FFZ1VJcUNBWUFCSUZDSjBnR0FFU0JRaUlJQmdBSWc0S0RBalJyUDNOQmhESTdZM1dBZw==,plainText
snippet,Ugw9OQ8jcYvkbyS6qYl4AaABAg,100,,plainText
snippet,UgyApZ141TWQQNNnas54AaABAg,100,,plainText
snippet,UgwcityBvEbAYji6iEJ4AaABAg,100,,plainText
snippet,Ugwi1JsXxXz-W0LOA8x4AaABAg,100,,plainText
snippet,Ugxm1bNrWfH0iUNcg814AaABAg,100,,plainText
snippet,UgyIgPW9IUToJJNxVx54AaABAg,100,,plainText
snippet,UgxULLR5duFX2tXfD7F4AaABAg,100,,plainText
snippet,Ugx1ogfQef_mjPNClNl4AaABAg,100,,plainText
PP5X1dEvvxo,"snippet,statistics,contentDetails,status,liveStreamingDetails,localizations,topicDetails,recordingDetails"
PP5X1dEvvxo,"snippet,statistics,contentDetails,status,liveStreamingDetails,localizations,topicDetails,recordingDetails"
"snippet,statistics,contentDetails,brandingSettings",UCDfCE5cO96QgzvNViIkoPYw
"snippet,replies",PP5X1dEvvxo,100,,plainText
snippet,Ugw9EJvbFxqeIULQlK14AaABAg,100,,plainText
snippet,UgyzXGJM75VbKTHPjPx4AaABAg,100,,plainText
snippet,UgwFbMUlHtmvHBvG5a14AaABAg,100,,plainText
snippet,Ugx_JPK_9o7eg2n7pOh4AaABAg,100,,plainText
snippet,Ugy75j-rcOIQ0gM_5Rh4AaABAg,100,,plainText
snippet,UgxWOepJz-9OZF66isZ4AaABAg,100,,plainText
snippet,UgylI1nh4Qqs-myHWSB4AaABAg,100,,plainText
snippet,UgyjobmxJ0zLicQ-Yzp4AaABAg,100,,plainText
snippet,UgyeZM9vu86TEoy9TOV4AaABAg,100,,plainText
snippet,UgxbcJqTpFY72qzo8GB4AaABAg,100,,plainText
snippet,UgxtvElLT2Er0bPU8Jd4AaABAg,100,,plainText
snippet,UgwC99d4RbuVObCQUEl4AaABAg,100,,plainText
snippet,UgzJancpEtmVRzyebfp4AaABAg,100,,plainText
NUz0meYhA_0,"snippet,statistics,contentDetails,status,liveStreamingDetails,localizations,topicDetails,recordingDetails"
NUz0meYhA_0,"snippet,statistics,contentDetails,status,liveStreamingDetails,localizations,topicDetails,recordingDetails"
"snippet,statistics,contentDetails,brandingSettings",UCDRHZ-RN2d97SsDYYFJA_2Q
"snippet,replies",NUz0meYhA_0,100,,plainText
vYJYeZ8wguE,"snippet,statistics,contentDetails,status,liveStreamingDetails,localizations,topicDetails,recordingDetails"
vYJYeZ8wguE,"snippet,statistics,contentDetails,status,liveStreamingDetails,localizations,topicDetails,recordingDetails"
"snippet,statistics,contentDetails,brandingSettings",UCQbpbLqTcPqi-JvRsDyzaWA
"snippet,replies",vYJYeZ8wguE,100,,plainText
snippet,Ugw8mOlXq9G9gl3_N0B4AaABAg,100,,plainText
APJYDUXM4ik,"snippet,statistics,contentDetails,status,liveStreamingDetails,localizations,topicDetails,recordingDetails"
APJYDUXM4ik,"snippet,statistics,contentDetails,status,liveStreamingDetails,localizations,topicDetails,recordingDetails"
"snippet,statistics,contentDetails,brandingSettings",UCkeCD8hBjax1-2ui9QfLvJQ
"snippet,replies",APJYDUXM4ik,100,,plainText
snippet,Ugx3sQREKVS81w8S_iB4AaABAg,100,,plainText
BBJXnsPMlI4,"snippet,statistics,contentDetails,status,liveStreamingDetails,localizations,topicDetails,recordingDetails"
BBJXnsPMlI4,"snippet,statistics,contentDetails,status,liveStreamingDetails,localizations,topicDetails,recordingDetails"
"snippet,statistics,contentDetails,brandingSettings",UC-4CgaxAPN63JSp4SSDyEjQ
"snippet,replies",BBJXnsPMlI4,100,,plainText
snippet,UgywtcbIX8K-Q2aMCOJ4AaABAg,100,,plainText
snippet,UgwCZ9yOkLRQzLxu2el4AaABAg,100,,plainText
snippet,UgxE66FdWj1S0O86pSx4AaABAg,100,,plainText
"id,snippet",boutique para pet 2026,50,video,relevance,2026-03-02T00:00:00Z,2026-04-01T00:00:00Z,BR,pt
JNRy_PmCuX8,"snippet,statistics,contentDetails,status,liveStreamingDetails,localizations,topicDetails,recordingDetails"
InMq7Nf_SFA,"snippet,statistics,contentDetails,status,liveStreamingDetails,localizations,topicDetails,recordingDetails"
h1rX5O2-cBw,"snippet,statistics,contentDetails,status,liveStreamingDetails,localizations,topicDetails,recordingDetails"
h1rX5O2-cBw,"snippet,statistics,contentDetails,status,liveStreamingDetails,localizations,topicDetails,recordingDetails"
"snippet,statistics,contentDetails,brandingSettings",UCHVlENviUGDc7H_ThXYtPFA
"snippet,replies",h1rX5O2-cBw,100,,plainText
snippet,UgwAEDzw41CdtxsaDUV4AaABAg,100,,plainText
snippet,UgwCuf5vqoi3ii-OBj54AaABAg,100,,plainText
snippet,Ugy4yXnJ1vJcAL_cMJ54AaABAg,100,,plainText
snippet,UgzVLzrhNmv3fnspO6R4AaABAg,100,,plainText
snippet,UgyEM7tp4nuHtWxfqI54AaABAg,100,,plainText
snippet,UgyXHq9o--c4jaY2-pt4AaABAg,100,,plainText
snippet,Ugy5PIHd2yGbCEjgv4B4AaABAg,100,,plainText
snippet,UgyQ9p9CXcNPNsCtgAx4AaABAg,100,,plainText
snippet,UgxrTiPgcBn94KtnFI14AaABAg,100,,plainText
snippet,UgwZ2IMEPqD_tKQhk094AaABAg,100,,plainText
"snippet,replies",h1rX5O2-cBw,100,Z2V0X25ld2VzdF9maXJzdC0tQ2dnSWdBUVZGN2ZST0JJRkNJZ2dHQUFTQlFpSElCZ0FFZ1VJblNBWUFSSUZDSWtnR0FBU0JRaW9JQmdBSWcwS0N3aXNfYUxPQmhDNGw0OTQ=,plainText
snippet,UgxU59sh6BWoXCuKYRZ4AaABAg,100,,plainText
snippet,UgyGbKXnIxZzjO-xReV4AaABAg,100,,plainText
snippet,Ugylu_LFlpyHN72pHct4AaABAg,100,,plainText
snippet,UgwIOHZJHftH0VcD_Sp4AaABAg,100,,plainText
snippet,Ugyjl6MYYQLilmNRRJZ4AaABAg,100,,plainText
"snippet,replies",h1rX5O2-cBw,100,Z2V0X25ld2VzdF9maXJzdC0tQ2dnSWdBUVZGN2ZST0JJRkNKMGdHQUVTQlFpSUlCZ0FFZ1VJaHlBWUFCSUZDS2dnR0FBU0JRaUpJQmdBSWc0S0RBaU00cHZPQmhEQXNNei1BUQ==,plainText
"snippet,replies",h1rX5O2-cBw,100,Z2V0X25ld2VzdF9maXJzdC0tQ2dnSWdBUVZGN2ZST0JJRkNJZ2dHQUFTQlFpZElCZ0JFZ1VJaHlBWUFCSUZDSWtnR0FBU0JRaW9JQmdBSWc0S0RBanFuWnJPQmhEUWh1dUVBUQ==,plainText
snippet,UgyGYECGpjTo2kZCL7V4AaABAg,100,,plainText
snippet,UgyHtudHRZs8zPcOUGZ4AaABAg,100,,plainText
snippet,Ugwf2rftY89kqceVkvV4AaABAg,100,,plainText
"snippet,replies",h1rX5O2-cBw,100,Z2V0X25ld2VzdF9maXJzdC0tQ2dnSWdBUVZGN2ZST0JJRkNJa2dHQUFTQlFpSElCZ0FFZ1VJaUNBWUFCSUZDSjBnR0FFU0JRaW9JQmdBSWc0S0RBaXk0cGJPQmhEb180YS1BZw==,plainText
snippet,Ugyh7cjyqxqs8JXgboV4AaABAg,100,,plainText
snippet,Ugysw30i2u9YllWcr0F4AaABAg,100,,plainText
snippet,UgwLeHczPDz9dJIn7ah4AaABAg,100,,plainText
"snippet,replies",h1rX5O2-cBw,100,Z2V0X25ld2VzdF9maXJzdC0tQ2dnSWdBUVZGN2ZST0JJRkNKMGdHQUVTQlFpSElCZ0FFZ1VJaVNBWUFCSUZDSWdnR0FBU0JRaW9JQmdBSWc0S0RBakMzcFRPQmhEZ3lvbUVBdw==,plainText
snippet,UgyKFufwUvULaT5y1SF4AaABAg,100,,plainText
"snippet,replies",h1rX5O2-cBw,100,Z2V0X25ld2VzdF9maXJzdC0tQ2dnSWdBUVZGN2ZST0JJRkNJZ2dHQUFTQlFpSElCZ0FFZ1VJblNBWUFSSUZDSWtnR0FBU0JRaW9JQmdBSWc0S0RBamE1WV9PQmhDNGllT2pBUQ==,plainText
snippet,UgywEfxF0yXHv0szsO14AaABAg,100,,plainText
"snippet,replies",h1rX5O2-cBw,100,Z2V0X25ld2VzdF9maXJzdC0tQ2dnSWdBUVZGN2ZST0JJRkNJa2dHQUFTQlFpZElCZ0JFZ1VJaUNBWUFCSUZDSWNnR0FBU0JRaW9JQmdBSWcwS0N3aVpnNGJPQmhEd3gtQjI=,plainText
"snippet,replies",h1rX5O2-cBw,100,Z2V0X25ld2VzdF9maXJzdC0tQ2dnSWdBUVZGN2ZST0JJRkNJY2dHQUFTQlFpSUlCZ0FFZ1VJaVNBWUFCSUZDSjBnR0FFU0JRaW9JQmdBSWc0S0RBaUE5dl9OQmhEd280eVRBZw==,plainText
snippet,Ugz1EGLiH3ahCvEYZVh4AaABAg,100,,plainText
snippet,UgzWncera2wphqa0wc94AaABAg,100,,plainText
snippet,UgwAPB7Ca8vmyMn4Q2d4AaABAg,100,,plainText
snippet,Ugzw08qmdLFarfvHqOh4AaABAg,100,,plainText
snippet,Ugy2dDbMv6q5on8dpMt4AaABAg,100,,plainText
snippet,Ugzfxw2T5AhO4ooP3594AaABAg,100,,plainText
snippet,UgxpKOKhwBsYI91E4rt4AaABAg,100,,plainText
snippet,UgyZESXbhFcgUG0oCrx4AaABAg,100,,plainText
"snippet,replies",h1rX5O2-cBw,100,Z2V0X25ld2VzdF9maXJzdC0tQ2dnSWdBUVZGN2ZST0JJRkNJZ2dHQUFTQlFpSElCZ0FFZ1VJaVNBWUFCSUZDS2dnR0FBU0JRaWRJQmdCSWcwS0N3akctZnpOQmhDWXVOQjM=,plainText
snippet,UgyrzPNo-jVqveQYgvB4AaABAg,100,,plainText
snippet,UgyUF66wBTcAZRMECkd4AaABAg,100,,plainText
snippet,Ugx0HzTVOF27TwtCwa14AaABAg,100,,plainText
snippet,UgzoQmKG2m29A1ZJYXh4AaABAg,100,,plainText
snippet,UgwIcBIy5jabhNNnC3x4AaABAg,100,,plainText
snippet,UgwXYtOqAV15v7k7yR94AaABAg,100,,plainText
snippet,Ugyl9SA3DYuhLTQtcBt4AaABAg,100,,plainText
snippet,Ugw_0mjOwDhMDqXQhWt4AaABAg,100,,plainText
snippet,Ugz5eVzfrXRn16M4Vpl4AaABAg,100,,plainText
snippet,UgyGvxLgEQJdgshY6aZ4AaABAg,100,,plainText
snippet,UgxY_e8P0Mo0Oqz_LYl4AaABAg,100,,plainText
snippet,UgwwroQST7fYffFYhV54AaABAg,100,,plainText
snippet,UgzQ4iyUtauRo9GWIQt4AaABAg,100,,plainText
snippet,Ugx03s57LkzYtTlFbdh4AaABAg,100,,plainText
snippet,Ugy2w6UAn-WiibuMGrt4AaABAg,100,,plainText
snippet,Ugw5fkPow7G90S7HtoV4AaABAg,100,,plainText
snippet,UgzR6rP1NYL02OkRk2R4AaABAg,100,,plainText
snippet,Ugz1DKv6STf0Q_e1WHF4AaABAg,100,,plainText
snippet,UgzyY294EIQGpQbpZB94AaABAg,100,,plainText
snippet,Ugxt8ASMskLCVwq6gs14AaABAg,100,,plainText
snippet,UgxO-RtBC_4GfW0DOt54AaABAg,100,,plainText
snippet,UgyN3jqremwsApknt9Z4AaABAg,100,,plainText
snippet,UgwiAvdeEtNiI-rUFZJ4AaABAg,100,,plainText
snippet,UgwdV0YJoUsqOVHuQOp4AaABAg,100,,plainText
snippet,UgwjjameU5bscMX06ix4AaABAg,100,,plainText
snippet,UgxLA_DGqXPGtmCRahJ4AaABAg,100,,plainText
snippet,Ugyc7rtOfl_ZvxikjJx4AaABAg,100,,plainText
snippet,UgxXpNtoifpHkMRZSlZ4AaABAg,100,,plainText
snippet,UgwnY9cvoqvkpmcb8314AaABAg,100,,plainText
snippet,UgyqskWBH7weTcRHCzF4AaABAg,100,,plainText
snippet,Ugy2sfaQ55zdXdeURtd4AaABAg,100,,plainText
snippet,UgyvIxkPOACXvwqUKh14AaABAg,100,,plainText
snippet,UgwN7ix83KW1u-f2LYh4AaABAg,100,,plainText
snippet,UgwACbrfB8rp96KsHLl4AaABAg,100,,plainText
snippet,UgwNGPiLKJR0mg_aEGd4AaABAg,100,,plainText
snippet,UgyhGNU59_U49xcVtYZ4AaABAg,100,,plainText
"snippet,replies",h1rX5O2-cBw,100,Z2V0X25ld2VzdF9maXJzdC0tQ2dnSWdBUVZGN2ZST0JJRkNLZ2dHQUFTQlFpSklCZ0FFZ1VJaUNBWUFCSUZDSWNnR0FBU0JRaWRJQmdCSWc0S0RBamNsdnpOQmhDWW85bWdBUQ==,plainText
snippet,UgylW3sxlFp8d887BJR4AaABAg,100,,plainText
snippet,Ugyv2i0zpCW8bGbpBIR4AaABAg,100,,plainText
snippet,UgzY3hRAw2OIb7--FmJ4AaABAg,100,,plainText
snippet,UgyKBcLntTceb8rEdeh4AaABAg,100,,plainText
snippet,UgxYul24qS-KQcYC4B54AaABAg,100,,plainText
snippet,Ugzc9Dkb4d0tJxaYQ4d4AaABAg,100,,plainText
snippet,UgxOPn3gqc_oObG6AHt4AaABAg,100,,plainText
snippet,UgxrQ3lntLQrzC1viYB4AaABAg,100,,plainText
snippet,Ugzfe7GuNFHJQzLpVYh4AaABAg,100,,plainText
snippet,Ugwd97x99m0q1GwkEJB4AaABAg,100,,plainText
"snippet,replies",h1rX5O2-cBw,100,Z2V0X25ld2VzdF9maXJzdC0tQ2dnSWdBUVZGN2ZST0JJRkNJa2dHQUFTQlFpb0lCZ0FFZ1VJaUNBWUFCSUZDSjBnR0FFU0JRaUhJQmdBSWc0S0RBaXo2UHZOQmhESXZadXdBUQ==,plainText
snippet,Ugy36NWByAMvAA4OGkZ4AaABAg,100,,plainText
snippet,UgyxJJzbVZmTUqIxgAZ4AaABAg,100,,plainText
snippet,UgyWTwJQdFYocRLx2aZ4AaABAg,100,,plainText
snippet,UgxH0N2b_TfZbAcpVwV4AaABAg,100,,plainText
"snippet,replies",h1rX5O2-cBw,100,Z2V0X25ld2VzdF9maXJzdC0tQ2dnSWdBUVZGN2ZST0JJRkNJY2dHQUFTQlFpb0lCZ0FFZ1VJaVNBWUFCSUZDSWdnR0FBU0JRaWRJQmdCSWcwS0N3aWR4UHZOQmhEd3E0cDY=,plainText
snippet,UgxSEZPUXKDhJFBHR2J4AaABAg,100,,plainText
snippet,UgyXtcbsT6VowSCnlyF4AaABAg,100,,plainText
snippet,Ugw2jWJg4JRYRLGWaoN4AaABAg,100,,plainText
snippet,UgxOdpEiYhFre_XF4PB4AaABAg,100,,plainText
"snippet,replies",h1rX5O2-cBw,100,Z2V0X25ld2VzdF9maXJzdC0tQ2dnSWdBUVZGN2ZST0JJRkNJZ2dHQUFTQlFpSklCZ0FFZ1VJaHlBWUFCSUZDS2dnR0FBU0JRaWRJQmdCSWc0S0RBaW1vZnZOQmhEWTJlV0pBdw==,plainText
snippet,UgwOV7aN-pUgnb7mEX14AaABAg,100,,plainText
snippet,UgyHYlmdS7gwxgu8et54AaABAg,100,,plainText
snippet,UgzPI1Wfu71HYchPU0V4AaABAg,100,,plainText
"snippet,replies",h1rX5O2-cBw,100,Z2V0X25ld2VzdF9maXJzdC0tQ2dnSWdBUVZGN2ZST0JJRkNLZ2dHQUFTQlFpSklCZ0FFZ1VJaUNBWUFCSUZDSWNnR0FBU0JRaWRJQmdCSWc0S0RBaVE3X3JOQmhDbzdiTGlBZw==,plainText
snippet,UgyacZAdXzkPtDLIfsZ4AaABAg,100,,plainText
snippet,UgzGpR1YFJfF9WaLUd94AaABAg,100,,plainText
snippet,UgzfZXGy5kNF35isCdF4AaABAg,100,,plainText
snippet,Ugwu0J9WVcHnT3toynZ4AaABAg,100,,plainText
snippet,UgxaBkVLG-5bL-FFg5h4AaABAg,100,,plainText
snippet,Ugx4HSgspmMlGHkQIix4AaABAg,100,,plainText
"snippet,replies",h1rX5O2-cBw,100,Z2V0X25ld2VzdF9maXJzdC0tQ2dnSWdBUVZGN2ZST0JJRkNJa2dHQUFTQlFpb0lCZ0FFZ1VJaUNBWUFCSUZDSjBnR0FFU0JRaUhJQmdBSWcwS0N3anNuX3JOQmhDUTdyUjI=,plainText
snippet,UgyUljxH9QPsic2ZfVF4AaABAg,100,,plainText
snippet,Ugy5PuzovgzPMVDL7eF4AaABAg,100,,plainText
snippet,Ugy2bvepYc-RuzHaK3B4AaABAg,100,,plainText
snippet,Ugznk1OlSV0_QhnQjWV4AaABAg,100,,plainText
snippet,UgwuF5SYmnSpPn_cOgB4AaABAg,100,,plainText
snippet,UgwsYgxuqLpmyd-M4bx4AaABAg,100,,plainText
snippet,Ugx3TNZdCOYA84yVNMJ4AaABAg,100,,plainText
snippet,Ugyk_l-7wcZJtDsov394AaABAg,100,,plainText
snippet,Ugzae3-NTaTnEPwrklx4AaABAg,100,,plainText
snippet,Ugwafk7IfOoGcP3KfCt4AaABAg,100,,plainText
snippet,UgzgjNAvm1nE4HdnZ614AaABAg,100,,plainText
snippet,UgzgFfa7dgm1gDCwttR4AaABAg,100,,plainText
snippet,UgzjVAeTc_oNaepU1jR4AaABAg,100,,plainText
snippet,UgzUVjo8AvQAuOljIzZ4AaABAg,100,,plainText
snippet,UgwJeDUIN4-feMtCOSt4AaABAg,100,,plainText
snippet,UgzVtbObxL_HsYPonjR4AaABAg,100,,plainText
snippet,UgyBsEvUvYRLEG8CVLJ4AaABAg,100,,plainText
snippet,UgyYA-FS92u3jeSlRlx4AaABAg,100,,plainText
snippet,UgyzfGGLKMOZ6BTnaR14AaABAg,100,,plainText
22EjKEuizHw,"snippet,statistics,contentDetails,status,liveStreamingDetails,localizations,topicDetails,recordingDetails"
22EjKEuizHw,"snippet,statistics,contentDetails,status,liveStreamingDetails,localizations,topicDetails,recordingDetails"
"snippet,statistics,contentDetails,brandingSettings",UCksm9zYFpIq0KZ40H2LHc1g
"snippet,replies",22EjKEuizHw,100,,plainText
snippet,Ugy2hZkZun9kzbjE0sx4AaABAg,100,,plainText
snippet,UgykHSewApCLTdX88EV4AaABAg,100,,plainText
snippet,UgwTu3uUfjbhFBVZC_p4AaABAg,100,,plainText
ZbOshXXtxHs,"snippet,statistics,contentDetails,status,liveStreamingDetails,localizations,topicDetails,recordingDetails"
9jff6kRICAc,"snippet,statistics,contentDetails,status,liveStreamingDetails,localizations,topicDetails,recordingDetails"
YlPBe84z8ds,"snippet,statistics,contentDetails,status,liveStreamingDetails,localizations,topicDetails,recordingDetails"
YlPBe84z8ds,"snippet,statistics,contentDetails,status,liveStreamingDetails,localizations,topicDetails,recordingDetails"
"snippet,statistics,contentDetails,brandingSettings",UCCmU8bUAkCkLEmeTaicIpmw
"snippet,replies",YlPBe84z8ds,100,,plainText
snippet,Ugzq5wTxSbG89tFxRQV4AaABAg,100,,plainText
snippet,UgzxquWWfrLy-lZ-0Qt4AaABAg,100,,plainText
snippet,UgzAWPGZhjdpL3qnF8V4AaABAg,100,,plainText
snippet,Ugx_Knv1Xm-UOKcs9Yt4AaABAg,100,,plainText
snippet,UgwIHutQDUgz2m18xUZ4AaABAg,100,,plainText
snippet,Ugw_ZDZoIa5wT7hPLOp4AaABAg,100,,plainText
snippet,Ugxrv7A5oqBMM7KGJW94AaABAg,100,,plainText
snippet,UgyzoSyrOnrazYIhU4h4AaABAg,100,,plainText
snippet,UgyiZlHmnqIup27iWFx4AaABAg,100,,plainText
snippet,Ugx-WMeG5APokVuCiyZ4AaABAg,100,,plainText
snippet,UgwbRrhwluk3wHQoFHJ4AaABAg,100,,plainText
snippet,UgxW8eLxVuTIk1V0D2x4AaABAg,100,,plainText
snippet,Ugy_T6ao80Zl1BnyAkN4AaABAg,100,,plainText
snippet,UgwOtYayMNW03jvSzfl4AaABAg,100,,plainText
snippet,UgzJg2VKXn6N0URn9lp4AaABAg,100,,plainText
snippet,Ugx6g3NHyNT2oC7o15F4AaABAg,100,,plainText
snippet,UgwDbqFejZg-HgnNdmp4AaABAg,100,,plainText
snippet,UgxBnkbGkbj9NnhmHG94AaABAg,100,,plainText
"snippet,replies",YlPBe84z8ds,100,Z2V0X25ld2VzdF9maXJzdC0tQ2dnSWdBUVZGN2ZST0JJRkNLZ2dHQUFTQlFpSUlCZ0FFZ1VJaHlBWUFCSUZDSWtnR0FBU0JRaWRJQmdCSWc0S0RBakZ3NHZPQmhDQXVObmtBUQ==,plainText
snippet,UgyBup4ljBewcYdP7ON4AaABAg,100,,plainText
snippet,UgyqLBksshNnnJ5sUcF4AaABAg,100,,plainText
snippet,Ugw9_fO715p2Po8rghh4AaABAg,100,,plainText
snippet,UgxRQ1Yci189GDESj5B4AaABAg,100,,plainText
snippet,UgwE4wdQ6GVmcv4raS14AaABAg,100,,plainText
snippet,UgzzdYNUaJfKybnaXt94AaABAg,100,,plainText
snippet,UgyvB9O9DKVQyHwnEXt4AaABAg,100,,plainText
snippet,UgwthV6q3T2tQbS3kj94AaABAg,100,,plainText
snippet,Ugx64_AubA2GaY1FdkZ4AaABAg,100,,plainText
snippet,UgxdF2sHs8oBWjWgYB94AaABAg,100,,plainText
p0_fBNrpUvI,"snippet,statistics,contentDetails,status,liveStreamingDetails,localizations,topicDetails,recordingDetails"
eomne9BDJvQ,"snippet,statistics,contentDetails,status,liveStreamingDetails,localizations,topicDetails,recordingDetails"
6VvM5gdxeIQ,"snippet,statistics,contentDetails,status,liveStreamingDetails,localizations,topicDetails,recordingDetails"
6VvM5gdxeIQ,"snippet,statistics,contentDetails,status,liveStreamingDetails,localizations,topicDetails,recordingDetails"
"snippet,statistics,contentDetails,brandingSettings",UCLhvlb2jVuKoHceQa0lJfQQ
"snippet,replies",6VvM5gdxeIQ,100,,plainText
m_sFvE1WIKg,"snippet,statistics,contentDetails,status,liveStreamingDetails,localizations,topicDetails,recordingDetails"
vvDhwaJ3gxA,"snippet,statistics,contentDetails,status,liveStreamingDetails,localizations,topicDetails,recordingDetails"
K8Kk7Lyl8uA,"snippet,statistics,contentDetails,status,liveStreamingDetails,localizations,topicDetails,recordingDetails"
K8Kk7Lyl8uA,"snippet,statistics,contentDetails,status,liveStreamingDetails,localizations,topicDetails,recordingDetails"
"snippet,statistics,contentDetails,brandingSettings",UC-MtqCYIciNsQ5NQ4nzfTbQ
"snippet,replies",K8Kk7Lyl8uA,100,,plainText
snippet,UgzFjXEw-PKh-ExIFl14AaABAg,100,,plainText
iDibSdkHVks,"snippet,statistics,contentDetails,status,liveStreamingDetails,localizations,topicDetails,recordingDetails"
dnM4xkY5y9M,"snippet,statistics,contentDetails,status,liveStreamingDetails,localizations,topicDetails,recordingDetails"
2sAONJq1Qz0,"snippet,statistics,contentDetails,status,liveStreamingDetails,localizations,topicDetails,recordingDetails"
MuPudPGSLig,"snippet,statistics,contentDetails,status,liveStreamingDetails,localizations,topicDetails,recordingDetails"
H8POLEAvzzg,"snippet,statistics,contentDetails,status,liveStreamingDetails,localizations,topicDetails,recordingDetails"
H8POLEAvzzg,"snippet,statistics,contentDetails,status,liveStreamingDetails,localizations,topicDetails,recordingDetails"
"snippet,statistics,contentDetails,brandingSettings",UCS8FGf2D0xg8feiS7y-ol3w
"snippet,replies",H8POLEAvzzg,100,,plainText
69z2BZT7nP4,"snippet,statistics,contentDetails,status,liveStreamingDetails,localizations,topicDetails,recordingDetails"
69z2BZT7nP4,"snippet,statistics,contentDetails,status,liveStreamingDetails,localizations,topicDetails,recordingDetails"
"snippet,statistics,contentDetails,brandingSettings",UCK-wS3adud0PIad2lgaQL9A
"snippet,replies",69z2BZT7nP4,100,,plainText
snippet,UgwLaRsZhgaMW2dDI7V4AaABAg,100,,plainText
snippet,UgzyKAGrGG5O9lcRvMt4AaABAg,100,,plainText
nv5uI7nLjb4,"snippet,statistics,contentDetails,status,liveStreamingDetails,localizations,topicDetails,recordingDetails"
nv5uI7nLjb4,"snippet,statistics,contentDetails,status,liveStreamingDetails,localizations,topicDetails,recordingDetails"
"snippet,statistics,contentDetails,brandingSettings",UCfpgSH5ubd9c3cDlgmcYLOA
"snippet,replies",nv5uI7nLjb4,100,,plainText
snippet,UgzpQpz5uhnE6wUzZiZ4AaABAg,100,,plainText
snippet,UgyBKUQFxnDr-rmYM_d4AaABAg,100,,plainText
in8NpH7G5tA,"snippet,statistics,contentDetails,status,liveStreamingDetails,localizations,topicDetails,recordingDetails"
"id,snippet",roupas de luxo para pet 2026,50,video,relevance,2026-01-31T00:00:00Z,2026-03-02T00:00:00Z,BR,pt
Lk46QZir6m4,"snippet,statistics,contentDetails,status,liveStreamingDetails,localizations,topicDetails,recordingDetails"
iZ77Px8djJQ,"snippet,statistics,contentDetails,status,liveStreamingDetails,localizations,topicDetails,recordingDetails"
qjsid0kBka0,"snippet,statistics,contentDetails,status,liveStreamingDetails,localizations,topicDetails,recordingDetails"
"id,snippet",boutique para pet 2026,50,video,relevance,2026-01-31T00:00:00Z,2026-03-02T00:00:00Z,BR,pt
SEPrKyLR6dA,"snippet,statistics,contentDetails,status,liveStreamingDetails,localizations,topicDetails,recordingDetails"
PFARIhZca-8,"snippet,statistics,contentDetails,status,liveStreamingDetails,localizations,topicDetails,recordingDetails"
PFARIhZca-8,"snippet,statistics,contentDetails,status,liveStreamingDetails,localizations,topicDetails,recordingDetails"
"snippet,statistics,contentDetails,brandingSettings",UCksm9zYFpIq0KZ40H2LHc1g
"snippet,replies",PFARIhZca-8,100,,plainText
zxb-B-Y4xtM,"snippet,statistics,contentDetails,status,liveStreamingDetails,localizations,topicDetails,recordingDetails"
zxb-B-Y4xtM,"snippet,statistics,contentDetails,status,liveStreamingDetails,localizations,topicDetails,recordingDetails"
"snippet,statistics,contentDetails,brandingSettings",UCh2RUFEH0Fkms3AWjoVnGqA
"snippet,replies",zxb-B-Y4xtM,100,,plainText
dEJcIcSpPgg,"snippet,statistics,contentDetails,status,liveStreamingDetails,localizations,topicDetails,recordingDetails"
xagmggI1Tn8,"snippet,statistics,contentDetails,status,liveStreamingDetails,localizations,topicDetails,recordingDetails"
xagmggI1Tn8,"snippet,statistics,contentDetails,status,liveStreamingDetails,localizations,topicDetails,recordingDetails"
"snippet,statistics,contentDetails,brandingSettings",UCSmYjR_Vvk9hxmt1k_c5Oqg
"snippet,replies",xagmggI1Tn8,100,,plainText
Dp6wp_03GUA,"snippet,statistics,contentDetails,status,liveStreamingDetails,localizations,topicDetails,recordingDetails"
Dp6wp_03GUA,"snippet,statistics,contentDetails,status,liveStreamingDetails,localizations,topicDetails,recordingDetails"
"snippet,statistics,contentDetails,brandingSettings",UC-P99oUexYilHFnCZTnmgTg
"snippet,replies",Dp6wp_03GUA,100,,plainText
snippet,UgwGsQFQWkJONPJazAB4AaABAg,100,,plainText
snippet,UgwxjGkY6eBBVSyxWnl4AaABAg,100,,plainText
snippet,Ugw2ZYRMU6CZu4mP5xx4AaABAg,100,,plainText
LyNZGSG4rT4,"snippet,statistics,contentDetails,status,liveStreamingDetails,localizations,topicDetails,recordingDetails"
LyNZGSG4rT4,"snippet,statistics,contentDetails,status,liveStreamingDetails,localizations,topicDetails,recordingDetails"
"snippet,statistics,contentDetails,brandingSettings",UCpTRbodKq5Seub3P2j0itHg
"snippet,replies",LyNZGSG4rT4,100,,plainText
snippet,UgynoLdEmobYlLc56_94AaABAg,100,,plainText
snippet,UgzBAXP20cCsnOTo44t4AaABAg,100,,plainText
snippet,UgxzCjJWb_nDprFy7m14AaABAg,100,,plainText
snippet,UgxVDJ6zruRI6JhmpVB4AaABAg,100,,plainText
snippet,UgwpNY5QBZWn55E3Ezp4AaABAg,100,,plainText
snippet,Ugx74JDA58DMkwBLD0x4AaABAg,100,,plainText
snippet,Ugwd6_84JPhTzV6XYdF4AaABAg,100,,plainText
snippet,Ugx3-W8UqqgUnBXpgSl4AaABAg,100,,plainText
snippet,Ugw-E4apt-yjvqWNqw14AaABAg,100,,plainText
snippet,Ugxa8YE1Uzm3FCim6qV4AaABAg,100,,plainText
snippet,Ugy9ssNEZJ8eiMYJFOV4AaABAg,100,,plainText
Yors_b8I740,"snippet,statistics,contentDetails,status,liveStreamingDetails,localizations,topicDetails,recordingDetails"
I9IpwqaBKYU,"snippet,statistics,contentDetails,status,liveStreamingDetails,localizations,topicDetails,recordingDetails"
"id,snippet",roupas de luxo para pet 2026,50,video,relevance,2026-01-01T00:00:00Z,2026-01-31T00:00:00Z,BR,pt
i4JO1z6L0Ag,"snippet,statistics,contentDetails,status,liveStreamingDetails,localizations,topicDetails,recordingDetails"
2Kj-Iv4SA5o,"snippet,statistics,contentDetails,status,liveStreamingDetails,localizations,topicDetails,recordingDetails"
uogCg_lhtvw,"snippet,statistics,contentDetails,status,liveStreamingDetails,localizations,topicDetails,recordingDetails"
uogCg_lhtvw,"snippet,statistics,contentDetails,status,liveStreamingDetails,localizations,topicDetails,recordingDetails"
"snippet,statistics,contentDetails,brandingSettings",UCqtMGX1eb10IF2YSRikg5Cg
"snippet,replies",uogCg_lhtvw,100,,plainText
snippet,UgyeCypNTaa_idZfaDZ4AaABAg,100,,plainText
riswQcmJHow,"snippet,statistics,contentDetails,status,liveStreamingDetails,localizations,topicDetails,recordingDetails"
"id,snippet",boutique para pet 2026,50,video,relevance,2026-01-01T00:00:00Z,2026-01-31T00:00:00Z,BR,pt
7rX2XV0Asvk,"snippet,statistics,contentDetails,status,liveStreamingDetails,localizations,topicDetails,recordingDetails"
7rX2XV0Asvk,"snippet,statistics,contentDetails,status,liveStreamingDetails,localizations,topicDetails,recordingDetails"
"snippet,statistics,contentDetails,brandingSettings",UCTlVddSMf7OldGlANtT3Mhg
"snippet,replies",7rX2XV0Asvk,100,,plainText
snippet,Ugy7Vv6WdwJ2UioQ59J4AaABAg,100,,plainText
snippet,Ugz30qGwYnOV1tWXcxF4AaABAg,100,,plainText
snippet,UgxOlTuFFU1wO6AV3sN4AaABAg,100,,plainText
snippet,UgytE8VWREpMhe8wMLJ4AaABAg,100,,plainText
snippet,UgyyKStR6R5yTqzrVwd4AaABAg,100,,plainText
snippet,Ugyhgh9mH7GYq4lH5kV4AaABAg,100,,plainText
2XqzbiFw-NQ,"snippet,statistics,contentDetails,status,liveStreamingDetails,localizations,topicDetails,recordingDetails"
VVHsNUTEXpc,"snippet,statistics,contentDetails,status,liveStreamingDetails,localizations,topicDetails,recordingDetails"
VVHsNUTEXpc,"snippet,statistics,contentDetails,status,liveStreamingDetails,localizations,topicDetails,recordingDetails"
"snippet,statistics,contentDetails,brandingSettings",UC02v1J6aluIO3el11Kz55cQ
"snippet,replies",VVHsNUTEXpc,100,,plainText
snippet,UgyWlcGxWaB6eCBRx6p4AaABAg,100,,plainText
snippet,Ugw8aMavh8SsbdBVjiJ4AaABAg,100,,plainText
snippet,UgzgoKsE2HTlf21Iwft4AaABAg,100,,plainText
snippet,UgzkBcf5rofZ1Ety0rR4AaABAg,100,,plainText
snippet,Ugw5pjXTOp5NVXRCtpp4AaABAg,100,,plainText
snippet,Ugzc7dkkALTrufvVXO54AaABAg,100,,plainText
snippet,UgzLKDAPr-Elc8k2nO94AaABAg,100,,plainText
bISKNG6T5wo,"snippet,statistics,contentDetails,status,liveStreamingDetails,localizations,topicDetails,recordingDetails"
L6WxBzQVOZc,"snippet,statistics,contentDetails,status,liveStreamingDetails,localizations,topicDetails,recordingDetails"
L6WxBzQVOZc,"snippet,statistics,contentDetails,status,liveStreamingDetails,localizations,topicDetails,recordingDetails"
"snippet,statistics,contentDetails,brandingSettings",UCabQZbHHRFLScNgIPa7QCRA
"snippet,replies",L6WxBzQVOZc,100,,plainText
LtAPjEWH6UE,"snippet,statistics,contentDetails,status,liveStreamingDetails,localizations,topicDetails,recordingDetails"
VMbH2KnJZkY,"snippet,statistics,contentDetails,status,liveStreamingDetails,localizations,topicDetails,recordingDetails"
2cqWLcXg8FM,"snippet,statistics,contentDetails,status,liveStreamingDetails,localizations,topicDetails,recordingDetails"
2cqWLcXg8FM,"snippet,statistics,contentDetails,status,liveStreamingDetails,localizations,topicDetails,recordingDetails"
"snippet,statistics,contentDetails,brandingSettings",UCRNoGr2ZGJ8sUUj3lr5UCOA
"snippet,replies",2cqWLcXg8FM,100,,plainText
snippet,UgwE0VW3kksl9y8gbrx4AaABAg,100,,plainText
snippet,Ugy5yz7TrZdK73V6OX94AaABAg,100,,plainText
PT1IX7FvYf4,"snippet,statistics,contentDetails,status,liveStreamingDetails,localizations,topicDetails,recordingDetails"
PT1IX7FvYf4,"snippet,statistics,contentDetails,status,liveStreamingDetails,localizations,topicDetails,recordingDetails"
"snippet,statistics,contentDetails,brandingSettings",UC36mNFIUGAFJhKND1mzsHiA
"snippet,replies",PT1IX7FvYf4,100,,plainText
WdYWDgI-JI0,"snippet,statistics,contentDetails,status,liveStreamingDetails,localizations,topicDetails,recordingDetails"
WdYWDgI-JI0,"snippet,statistics,contentDetails,status,liveStreamingDetails,localizations,topicDetails,recordingDetails"
"snippet,statistics,contentDetails,brandingSettings",UCmLMCblAhPV3Pfiqq1_mQAQ
"snippet,replies",WdYWDgI-JI0,100,,plainText
snippet,UgxFgybTLuYwbB5Mv5h4AaABAg,100,,plainText
snippet,UgwA8A--vXPqgwkbnRN4AaABAg,100,,plainText
snippet,UgysQTVRPl5MjNsBPRd4AaABAg,100,,plainText
snippet,UgzQcMPWIh_1Y2wTsPZ4AaABAg,100,,plainText
snippet,UgzYYIzgtP69M1oaHJV4AaABAg,100,,plainText
snippet,Ugxeglg0ysacnTbWFsF4AaABAg,100,,plainText
snippet,UgwxKMwFkSgPeAa0AXp4AaABAg,100,,plainText
qv_Ryzk8Tgc,"snippet,statistics,contentDetails,status,liveStreamingDetails,localizations,topicDetails,recordingDetails"
"id,snippet",roupas de luxo para pet 2026,50,video,relevance,2026-05-01T00:00:00Z,2026-05-31T00:00:00Z,BR,pt
VtXUuB1mrVM,"snippet,statistics,contentDetails,status,liveStreamingDetails,localizations,topicDetails,recordingDetails"
VtXUuB1mrVM,"snippet,statistics,contentDetails,status,liveStreamingDetails,localizations,topicDetails,recordingDetails"
"snippet,statistics,contentDetails,brandingSettings",UCbOokXOV-k0YeLhi-yAh3-w
"snippet,replies",VtXUuB1mrVM,100,,plainText
snippet,Ugw393YbiQVGC8OO-qV4AaABAg,100,,plainText
snippet,UgzZVdpP6oyBiQtPwXx4AaABAg,100,,plainText
"snippet,replies",VtXUuB1mrVM,100,Z2V0X25ld2VzdF9maXJzdC0tQ2dnSWdBUVZGN2ZST0JJRkNKMGdHQUVTQlFpSklCZ0FFZ1VJaUNBWUFCSUZDS2dnR0FBU0JRaUhJQmdBSWc0S0RBakFndjNQQmhDUTJKeTRBUQ==,plainText
snippet,UgzpHIs3x8iLCU79Pb94AaABAg,100,,plainText
fXK2ifba0jg,"snippet,statistics,contentDetails,status,liveStreamingDetails,localizations,topicDetails,recordingDetails"
fXK2ifba0jg,"snippet,statistics,contentDetails,status,liveStreamingDetails,localizations,topicDetails,recordingDetails"
"snippet,statistics,contentDetails,brandingSettings",UCEKOGRvbli0XzuBc6Wpae8g
"snippet,replies",fXK2ifba0jg,100,,plainText
snippet,UgxzmTki_wBUH0khaBh4AaABAg,100,,plainText
ydSW5084cw0,"snippet,statistics,contentDetails,status,liveStreamingDetails,localizations,topicDetails,recordingDetails"
ydSW5084cw0,"snippet,statistics,contentDetails,status,liveStreamingDetails,localizations,topicDetails,recordingDetails"
"snippet,statistics,contentDetails,brandingSettings",UC27-v-X7tP2gi29W-m8R5gQ
"snippet,replies",ydSW5084cw0,100,,plainText
RA7BdjPDV7E,"snippet,statistics,contentDetails,status,liveStreamingDetails,localizations,topicDetails,recordingDetails"
RA7BdjPDV7E,"snippet,statistics,contentDetails,status,liveStreamingDetails,localizations,topicDetails,recordingDetails"
"snippet,statistics,contentDetails,brandingSettings",UCOOISv2NsoDaQQNMN8pEZdA
"snippet,replies",RA7BdjPDV7E,100,,plainText
"snippet,replies",RA7BdjPDV7E,100,Z2V0X25ld2VzdF9maXJzdC0tQ2dnSWdBUVZGN2ZST0JJRkNLZ2dHQUFTQlFpZElCZ0JFZ1VJaVNBWUFCSUZDSWNnR0FBU0JRaUlJQmdBSWc0S0RBang3cGpRQmhDb2tmT2lBUQ==,plainText
snippet,UgzUZuzSAILwe7Mhqqd4AaABAg,100,,plainText
sNFMuV8uDgw,"snippet,statistics,contentDetails,status,liveStreamingDetails,localizations,topicDetails,recordingDetails"
r1zpWn8Y_1o,"snippet,statistics,contentDetails,status,liveStreamingDetails,localizations,topicDetails,recordingDetails"
r1zpWn8Y_1o,"snippet,statistics,contentDetails,status,liveStreamingDetails,localizations,topicDetails,recordingDetails"
"snippet,statistics,contentDetails,brandingSettings",UC0Iq_yxSU0rNUoSpho9FS7Q
"snippet,replies",r1zpWn8Y_1o,100,,plainText
snippet,UgzmBYPK4iWNFkLHFlx4AaABAg,100,,plainText
snippet,UgwMyxeGrHanh_1IU2V4AaABAg,100,,plainText
snippet,Ugxmt6wzzuzPj0yMzdF4AaABAg,100,,plainText
snippet,UgzvJ3Q02HWqEWrBiNB4AaABAg,100,,plainText
snippet,UgwK1kosc1gBkk6saXh4AaABAg,100,,plainText
snippet,UgzHmCCuW9aLIlby_JB4AaABAg,100,,plainText
snippet,UgyyvyA71j9Sm8QMXJF4AaABAg,100,,plainText
snippet,UgydiUAUrQQGJX3j_It4AaABAg,100,,plainText
snippet,Ugwtur8Wx0Bjx9G_oqN4AaABAg,100,,plainText
snippet,UgxD5U2yG-H_Ouwzonx4AaABAg,100,,plainText
IagOI4atfh8,"snippet,statistics,contentDetails,status,liveStreamingDetails,localizations,topicDetails,recordingDetails"
GrjwS_qykkw,"snippet,statistics,contentDetails,status,liveStreamingDetails,localizations,topicDetails,recordingDetails"
GrjwS_qykkw,"snippet,statistics,contentDetails,status,liveStreamingDetails,localizations,topicDetails,recordingDetails"
"snippet,statistics,contentDetails,brandingSettings",UCBI09ux7akOIT_oY2UFnh9Q
"snippet,replies",GrjwS_qykkw,100,,plainText
snippet,UgxRYeX2Xmo8VUk0gSN4AaABAg,100,,plainText
snippet,UgznjiQ0rlySGj0jK_h4AaABAg,100,,plainText
snippet,UgxkddSIaz9dplKqUiN4AaABAg,100,,plainText
snippet,UgzGNHjYbmcqhh76p1t4AaABAg,100,,plainText
snippet,UgyB-V9oliP4UqX8N3x4AaABAg,100,,plainText
"id,snippet",boutique para pet 2026,50,video,relevance,2026-05-01T00:00:00Z,2026-05-31T00:00:00Z,BR,pt
B-0H6UxrrBA,"snippet,statistics,contentDetails,status,liveStreamingDetails,localizations,topicDetails,recordingDetails"
gMJdXLsKkzs,"snippet,statistics,contentDetails,status,liveStreamingDetails,localizations,topicDetails,recordingDetails"
fVcmQyi4v7M,"snippet,statistics,contentDetails,status,liveStreamingDetails,localizations,topicDetails,recordingDetails"
fVcmQyi4v7M,"snippet,statistics,contentDetails,status,liveStreamingDetails,localizations,topicDetails,recordingDetails"
"snippet,statistics,contentDetails,brandingSettings",UCmbBt0JpdxCoJdaTOeooNdQ
"snippet,replies",fVcmQyi4v7M,100,,plainText
snippet,Ugz8Ut5Zy22F3sv_Lk54AaABAg,100,,plainText
snippet,UgxjSF5FEK_4vXqkDDV4AaABAg,100,,plainText
snippet,Ugw__HbRcJTt-uQfOJt4AaABAg,100,,plainText
snippet,UgzSOt3vHp_C_lI-w_l4AaABAg,100,,plainText
LogCJFjVmmU,"snippet,statistics,contentDetails,status,liveStreamingDetails,localizations,topicDetails,recordingDetails"
vr-CgYmCKdE,"snippet,statistics,contentDetails,status,liveStreamingDetails,localizations,topicDetails,recordingDetails"
x1j3eXGSrnc,"snippet,statistics,contentDetails,status,liveStreamingDetails,localizations,topicDetails,recordingDetails"
x1j3eXGSrnc,"snippet,statistics,contentDetails,status,liveStreamingDetails,localizations,topicDetails,recordingDetails"
"snippet,statistics,contentDetails,brandingSettings",UCh2RUFEH0Fkms3AWjoVnGqA
"snippet,replies",x1j3eXGSrnc,100,,plainText
snippet,UgyCMnlicntpOY3oI1F4AaABAg,100,,plainText
gajqwiB-BCQ,"snippet,statistics,contentDetails,status,liveStreamingDetails,localizations,topicDetails,recordingDetails"
gajqwiB-BCQ,"snippet,statistics,contentDetails,status,liveStreamingDetails,localizations,topicDetails,recordingDetails"
"snippet,statistics,contentDetails,brandingSettings",UCJ8aoGbTZvBrANPlVy4OVtQ
"snippet,replies",gajqwiB-BCQ,100,,plainText
snippet,UgwWzMjn-0HU_LRLGKN4AaABAg,100,,plainText
49b_bMPmz9Q,"snippet,statistics,contentDetails,status,liveStreamingDetails,localizations,topicDetails,recordingDetails"
ia0c_lEOUSk,"snippet,statistics,contentDetails,status,liveStreamingDetails,localizations,topicDetails,recordingDetails"
jeZPKwk01bo,"snippet,statistics,contentDetails,status,liveStreamingDetails,localizations,topicDetails,recordingDetails"
jeZPKwk01bo,"snippet,statistics,contentDetails,status,liveStreamingDetails,localizations,topicDetails,recordingDetails"
"snippet,statistics,contentDetails,brandingSettings",UC2qZK2Gsgj6DbTI1TEW3NHQ
"snippet,replies",jeZPKwk01bo,100,,plainText
oQpuUONTJF8,"snippet,statistics,contentDetails,status,liveStreamingDetails,localizations,topicDetails,recordingDetails"
oQpuUONTJF8,"snippet,statistics,contentDetails,status,liveStreamingDetails,localizations,topicDetails,recordingDetails"
"snippet,statistics,contentDetails,brandingSettings",UCHVlENviUGDc7H_ThXYtPFA
"snippet,replies",oQpuUONTJF8,100,,plainText
snippet,UgxPDtQ0btoC257kG7h4AaABAg,100,,plainText
snippet,Ugw-L47zStHwVjuV1XF4AaABAg,100,,plainText
snippet,UgwD5zFs89YTGBF6xvh4AaABAg,100,,plainText
snippet,Ugwd2MwIQdthyxETiz54AaABAg,100,,plainText
"snippet,replies",oQpuUONTJF8,100,Z2V0X25ld2VzdF9maXJzdC0tQ2dnSWdBUVZGN2ZST0JJRkNJZ2dHQUFTQlFpSElCZ0FFZ1VJblNBWUFSSUZDSWtnR0FBU0JRaW9JQmdBSWc0S0RBaUlnODdRQmhEQW84bTFBdw==,plainText
"snippet,replies",oQpuUONTJF8,100,Z2V0X25ld2VzdF9maXJzdC0tQ2dnSWdBUVZGN2ZST0JJRkNJa2dHQUFTQlFpSElCZ0FFZ1VJaUNBWUFCSUZDSjBnR0FFU0JRaW9JQmdBSWc0S0RBaVlsTXpRQmhDdzRmZWtBdw==,plainText
"snippet,replies",oQpuUONTJF8,100,Z2V0X25ld2VzdF9maXJzdC0tQ2dnSWdBUVZGN2ZST0JJRkNJZ2dHQUFTQlFpSklCZ0FFZ1VJaHlBWUFCSUZDS2dnR0FBU0JRaWRJQmdCSWcwS0N3aURxc25RQmhESTBaWnE=,plainText
snippet,UgzVmvKL_etCurhQpqh4AaABAg,100,,plainText
"snippet,replies",oQpuUONTJF8,100,Z2V0X25ld2VzdF9maXJzdC0tQ2dnSWdBUVZGN2ZST0JJRkNJY2dHQUFTQlFpSUlCZ0FFZ1VJaVNBWUFCSUZDSjBnR0FFU0JRaW9JQmdBSWc0S0RBaXI4Y1hRQmhEb3c5aldBUQ==,plainText
snippet,UgyqCurEj9iRezd-ket4AaABAg,100,,plainText
"snippet,replies",oQpuUONTJF8,100,Z2V0X25ld2VzdF9maXJzdC0tQ2dnSWdBUVZGN2ZST0JJRkNKMGdHQUVTQlFpSUlCZ0FFZ1VJaHlBWUFCSUZDSWtnR0FBU0JRaW9JQmdBSWcwS0N3aURyTVBRQmhDNDVLY2k=,plainText
"snippet,replies",oQpuUONTJF8,100,Z2V0X25ld2VzdF9maXJzdC0tQ2dnSWdBUVZGN2ZST0JJRkNJa2dHQUFTQlFpSUlCZ0FFZ1VJblNBWUFSSUZDSWNnR0FBU0JRaW9JQmdBSWc0S0RBalV1TUxRQmhEZ2pzQ2lBdw==,plainText
snippet,UgyaHWNRix6pErqWVRR4AaABAg,100,,plainText
snippet,UgyV638f4z-jTnb0-Vl4AaABAg,100,,plainText
"snippet,replies",oQpuUONTJF8,100,Z2V0X25ld2VzdF9maXJzdC0tQ2dnSWdBUVZGN2ZST0JJRkNLZ2dHQUFTQlFpZElCZ0JFZ1VJaVNBWUFCSUZDSWdnR0FBU0JRaUhJQmdBSWc0S0RBamF6TUhRQmhEWXlhQ01BUQ==,plainText
snippet,UgxAY1lXBiL8i1UTCC94AaABAg,100,,plainText
snippet,UgxAxHr3mPjYWsYfPJ14AaABAg,100,,plainText
snippet,UgxNxu_z0qm3NjcVFu14AaABAg,100,,plainText
snippet,Ugw_3_rLYQ1I2-rPEAV4AaABAg,100,,plainText
snippet,UgxoHBvdrB9hejz4o0F4AaABAg,100,,plainText
snippet,UgyS1NrMEO8juLj_Wfp4AaABAg,100,,plainText
snippet,Ugy8QWQ-4eQyKA4DYy54AaABAg,100,,plainText
snippet,UgxU40rfOr2NkhrIWmx4AaABAg,100,,plainText
"snippet,replies",oQpuUONTJF8,100,Z2V0X25ld2VzdF9maXJzdC0tQ2dnSWdBUVZGN2ZST0JJRkNJY2dHQUFTQlFpZElCZ0JFZ1VJcUNBWUFCSUZDSWtnR0FBU0JRaUlJQmdBSWc0S0RBaVIwN19RQmhEWXRLN1hBdw==,plainText
snippet,Ugx2BSMBsCwehSHaJFF4AaABAg,100,,plainText
snippet,UgzX1awJYQnpym6Xo914AaABAg,100,,plainText
snippet,UgxqevGAvp50Te8CDcl4AaABAg,100,,plainText
snippet,Ugxpw96I0S4u6dZLWUx4AaABAg,100,,plainText
snippet,UgztEBqvm6O0XpRJ2Jt4AaABAg,100,,plainText
snippet,UgxUE3yrJjE0SVyj4oR4AaABAg,100,,plainText
"id,snippet",roupas de luxo para pet 2026,50,video,relevance,2026-04-01T00:00:00Z,2026-05-01T00:00:00Z,BR,pt
Xo_MaMJL2wI,"snippet,statistics,contentDetails,status,liveStreamingDetails,localizations,topicDetails,recordingDetails"
Xo_MaMJL2wI,"snippet,statistics,contentDetails,status,liveStreamingDetails,localizations,topicDetails,recordingDetails"
"snippet,statistics,contentDetails,brandingSettings",UCpN8uqhKRLWtfSh5EYMrGow
"snippet,replies",Xo_MaMJL2wI,100,,plainText
snippet,UgzSsl2PJ3SOs_uP-eZ4AaABAg,100,,plainText
snippet,UgxaCJjcR4y3JfmbPPx4AaABAg,100,,plainText
snippet,UgyEoF2HtXe1UJ-_CJJ4AaABAg,100,,plainText
"snippet,replies",Xo_MaMJL2wI,100,Z2V0X25ld2VzdF9maXJzdC0tQ2dnSWdBUVZGN2ZST0JJRkNJY2dHQUFTQlFpb0lCZ0FFZ1VJaUNBWUFCSUZDSjBnR0FFU0JRaUpJQmdBSWcwS0N3andydFBRQmhEWW1LWks=,plainText
snippet,UgxkBiQ5JmyLKTBl1KR4AaABAg,100,,plainText
snippet,UgwYemJNUuVTMQdNLel4AaABAg,100,,plainText
"snippet,replies",Xo_MaMJL2wI,100,Z2V0X25ld2VzdF9maXJzdC0tQ2dnSWdBUVZGN2ZST0JJRkNKMGdHQUVTQlFpb0lCZ0FFZ1VJaHlBWUFCSUZDSWdnR0FBU0JRaUpJQmdBSWcwS0N3aS1rS1BQQmhEdzM0ODc=,plainText
snippet,Ugyc2u8WPWLt2VrAb3t4AaABAg,100,,plainText
snippet,UgxmH0pftnZZCFCKej94AaABAg,100,,plainText
snippet,UgyZFxh4IAQ5m6hzvqh4AaABAg,100,,plainText
snippet,UgzMoUwnO42jcf_h_KJ4AaABAg,100,,plainText
snippet,UgzYzNsyPV30NH0q6mN4AaABAg,100,,plainText
snippet,UgyZvkdggY_t4R1PGCV4AaABAg,100,,plainText
snippet,Ugw6mvfnpB0p8UbTGLl4AaABAg,100,,plainText
snippet,Ugxj_nf79DNhEbHH4Nh4AaABAg,100,,plainText
snippet,Ugw2v3TT4DbKoEuEAeV4AaABAg,100,,plainText
snippet,UgwPdZASsOClYve3i_J4AaABAg,100,,plainText
snippet,UgyMNiIjzxgtTYqwOGp4AaABAg,100,,plainText
snippet,Ugw6HA_0CEebDjAOQSB4AaABAg,100,,plainText
snippet,UgzOJb1ldsA74a289Qp4AaABAg,100,,plainText
snippet,UgxIdAICWo7K26bwqn94AaABAg,100,,plainText
snippet,UgyfpJsojpRh8FnSu5p4AaABAg,100,,plainText
snippet,Ugy_yqYzG3NM15IBXyh4AaABAg,100,,plainText
snippet,Ugx4TsIwpBQzwj4BqmV4AaABAg,100,,plainText
snippet,UgzwquCmz8Nj3OqX53p4AaABAg,100,,plainText
"snippet,replies",Xo_MaMJL2wI,100,Z2V0X25ld2VzdF9maXJzdC0tQ2dnSWdBUVZGN2ZST0JJRkNJZ2dHQUFTQlFpSElCZ0FFZ1VJblNBWUFSSUZDS2dnR0FBU0JRaUpJQmdBSWc0S0RBanh4Y19PQmhDd21PM3RBUQ==,plainText
snippet,Ugwrn4c8TCwm-I7Jj5B4AaABAg,100,,plainText
snippet,UgwEIqEw2BOm68Df5at4AaABAg,100,,plainText
snippet,UgzbST8GY31_JPU5Yd54AaABAg,100,,plainText
snippet,UgzD6-sB6ErGSwcaYYZ4AaABAg,100,,plainText
snippet,UgxOSFcGsg05Ha2sdJV4AaABAg,100,,plainText
snippet,UgzGUjbZSF-_CVVd83d4AaABAg,100,,plainText
snippet,UgxH8311DFwkx2dw5vF4AaABAg,100,,plainText
snippet,UgzXVGPk0WYbxL3cAXt4AaABAg,100,,plainText
snippet,Ugy14Ytg1Ij-A3bas0B4AaABAg,100,,plainText
snippet,UgyyLTNMnSx5C2ch1r14AaABAg,100,,plainText
snippet,UgySpncNWdL-dwUP1OJ4AaABAg,100,,plainText
snippet,UgzZH3iKjk9F0G6DWjJ4AaABAg,100,,plainText
snippet,UgxEvCp2YvW89gi2pLl4AaABAg,100,,plainText
snippet,Ugwl7FG8mF8kEXsfuqV4AaABAg,100,,plainText
snippet,UgzEf_U7u0nIay10Eph4AaABAg,100,,plainText
snippet,UgyHTxalnLx3rUfncU14AaABAg,100,,plainText
snippet,UgzomtiBLi5BPg0m-1t4AaABAg,100,,plainText
snippet,Ugw41DQ8Xt7u1rr-tON4AaABAg,100,,plainText
snippet,UgyVUxfnFKvnQ8r_JM94AaABAg,100,,plainText
snippet,UgxZTrC3cBjwfxejUCp4AaABAg,100,,plainText
snippet,Ugw1LXi0B_SUxMfT6EN4AaABAg,100,,plainText
snippet,UgwDwd4prFu6FZXN01p4AaABAg,100,,plainText
snippet,UgyukF7IlhtZYML4CoF4AaABAg,100,,plainText
snippet,UgwWSa-bjwMooUS8rSZ4AaABAg,100,,plainText
snippet,Ugwnj8yEf4c15JmuUVl4AaABAg,100,,plainText
snippet,Ugy9sGQrtQeX9LU9DnN4AaABAg,100,,plainText
snippet,UgxbGLVt_C8JwR5hgjR4AaABAg,100,,plainText
snippet,UgzSsl2PJ3SOs_uP-eZ4AaABAg,100,,plainText
XQE1Dh9c0M8,"snippet,statistics,contentDetails,status,liveStreamingDetails,localizations,topicDetails,recordingDetails"
XQE1Dh9c0M8,"snippet,statistics,contentDetails,status,liveStreamingDetails,localizations,topicDetails,recordingDetails"
"snippet,statistics,contentDetails,brandingSettings",UCFtWXzqzenfuLTrAnacbRtg
"snippet,replies",XQE1Dh9c0M8,100,,plainText
AFIxyqf2Mg8,"snippet,statistics,contentDetails,status,liveStreamingDetails,localizations,topicDetails,recordingDetails"
AFIxyqf2Mg8,"snippet,statistics,contentDetails,status,liveStreamingDetails,localizations,topicDetails,recordingDetails"
"snippet,statistics,contentDetails,brandingSettings",UCNbWnn41cmdg67Af7KcRrjw
"snippet,replies",AFIxyqf2Mg8,100,,plainText
snippet,UgwkcmpDnjUcHO_tS4Z4AaABAg,100,,plainText
z9xzF2gsiPM,"snippet,statistics,contentDetails,status,liveStreamingDetails,localizations,topicDetails,recordingDetails"
z9xzF2gsiPM,"snippet,statistics,contentDetails,status,liveStreamingDetails,localizations,topicDetails,recordingDetails"
"snippet,statistics,contentDetails,brandingSettings",UC3aI15IdOe4hLpxLiqldYnQ
"snippet,replies",z9xzF2gsiPM,100,,plainText
snippet,UgziKe7XR9WKuQo-6jh4AaABAg,100,,plainText
snippet,UgyAXrbf2XGogSYPjmN4AaABAg,100,,plainText
snippet,Ugw526ltr2HN1EmNz5R4AaABAg,100,,plainText
snippet,UgwcisP_usVTGPqm6h94AaABAg,100,,plainText
snippet,UgzOcs6nj3oX9HNRXiF4AaABAg,100,,plainText
vPuOEHR3E48,"snippet,statistics,contentDetails,status,liveStreamingDetails,localizations,topicDetails,recordingDetails"
vPuOEHR3E48,"snippet,statistics,contentDetails,status,liveStreamingDetails,localizations,topicDetails,recordingDetails"
"snippet,statistics,contentDetails,brandingSettings",UCNbWnn41cmdg67Af7KcRrjw
"snippet,replies",vPuOEHR3E48,100,,plainText
snippet,Ugzb-6f-jJaCc-ziOVl4AaABAg,100,,plainText
"id,snippet",boutique para pet 2026,50,video,relevance,2026-04-01T00:00:00Z,2026-05-01T00:00:00Z,BR,pt
PZ1FGaEtXpw,"snippet,statistics,contentDetails,status,liveStreamingDetails,localizations,topicDetails,recordingDetails"
vQK0dqW5l-g,"snippet,statistics,contentDetails,status,liveStreamingDetails,localizations,topicDetails,recordingDetails"
dZA_4i-WvJw,"snippet,statistics,contentDetails,status,liveStreamingDetails,localizations,topicDetails,recordingDetails"
q6ZGBg6_rPs,"snippet,statistics,contentDetails,status,liveStreamingDetails,localizations,topicDetails,recordingDetails"
q6ZGBg6_rPs,"snippet,statistics,contentDetails,status,liveStreamingDetails,localizations,topicDetails,recordingDetails"
"snippet,statistics,contentDetails,brandingSettings",UCs0r9v3oazJfbEtM3tSU1kA
"snippet,replies",q6ZGBg6_rPs,100,,plainText
snippet,UgzTIL7JJeXNwKvQpsB4AaABAg,100,,plainText
snippet,UgzwE4LOuACZQ48vEfN4AaABAg,100,,plainText
snippet,UgzAzGsufO70b2a0YNB4AaABAg,100,,plainText
kMKoLvf_G0Q,"snippet,statistics,contentDetails,status,liveStreamingDetails,localizations,topicDetails,recordingDetails"
kMKoLvf_G0Q,"snippet,statistics,contentDetails,status,liveStreamingDetails,localizations,topicDetails,recordingDetails"
"snippet,statistics,contentDetails,brandingSettings",UC3E8z5P4FemGLQRXixxHL3g
"snippet,replies",kMKoLvf_G0Q,100,,plainText
snippet,Ugx_q4Vs4uCym0YEmcp4AaABAg,100,,plainText
snippet,UgwBpzC_Fkzn01Nr3OZ4AaABAg,100,,plainText
snippet,UgzezwNiprnmKkd8NHp4AaABAg,100,,plainText
snippet,UgzJNzMiRItL5bZHtyp4AaABAg,100,,plainText
snippet,Ugzbf2WHlL40oig1sex4AaABAg,100,,plainText
snippet,UgwzJsPN6vsbVHfb_-d4AaABAg,100,,plainText
snippet,UgyPWkJL0zYLRMwAtNV4AaABAg,100,,plainText
snippet,Ugy3gTbGx-uuRxqPn2R4AaABAg,100,,plainText
snippet,UgzOv32fBS72ql0UYlV4AaABAg,100,,plainText
snippet,UgzorG8Zw57Lp6qstXh4AaABAg,100,,plainText
snippet,UgzLMA7SZYxhLasHMOF4AaABAg,100,,plainText
snippet,UgzvSBse3rQ2UT9HK7F4AaABAg,100,,plainText
snippet,UgzrDiaA_dDK1_RtRAt4AaABAg,100,,plainText
"snippet,replies",kMKoLvf_G0Q,100,Z2V0X25ld2VzdF9maXJzdC0tQ2dnSWdBUVZGN2ZST0JJRkNKMGdHQUVTQlFpb0lCZ0FFZ1VJaVNBWUFCSUZDSWdnR0FBU0JRaUhJQmdBSWc0S0RBaUx5N2pQQmhDd2hZanlBZw==,plainText
snippet,UgxXwFtW_5BgaIJxdW54AaABAg,100,,plainText
snippet,UgzqxzE_-i_f550Ypdh4AaABAg,100,,plainText
acznwwF-KyM,"snippet,statistics,contentDetails,status,liveStreamingDetails,localizations,topicDetails,recordingDetails"
PfHd9vPLWFA,"snippet,statistics,contentDetails,status,liveStreamingDetails,localizations,topicDetails,recordingDetails"
wSTqg1AYfiQ,"snippet,statistics,contentDetails,status,liveStreamingDetails,localizations,topicDetails,recordingDetails"
YWAEDh9Oi-8,"snippet,statistics,contentDetails,status,liveStreamingDetails,localizations,topicDetails,recordingDetails"
Fd47H3pRFSs,"snippet,statistics,contentDetails,status,liveStreamingDetails,localizations,topicDetails,recordingDetails"
zGqfE5D9Xkw,"snippet,statistics,contentDetails,status,liveStreamingDetails,localizations,topicDetails,recordingDetails"
iaGlLyWJV24,"snippet,statistics,contentDetails,status,liveStreamingDetails,localizations,topicDetails,recordingDetails"
4ctiSxEL4yM,"snippet,statistics,contentDetails,status,liveStreamingDetails,localizations,topicDetails,recordingDetails"
T7siu9xU6mM,"snippet,statistics,contentDetails,status,liveStreamingDetails,localizations,topicDetails,recordingDetails"
l7EsBOplu5c,"snippet,statistics,contentDetails,status,liveStreamingDetails,localizations,topicDetails,recordingDetails"
l7EsBOplu5c,"snippet,statistics,contentDetails,status,liveStreamingDetails,localizations,topicDetails,recordingDetails"
"snippet,statistics,contentDetails,brandingSettings",UC36mNFIUGAFJhKND1mzsHiA
"snippet,replies",l7EsBOplu5c,100,,plainText
C6BvOzLlrnw,"snippet,statistics,contentDetails,status,liveStreamingDetails,localizations,topicDetails,recordingDetails"
W52HBuMUqtI,"snippet,statistics,contentDetails,status,liveStreamingDetails,localizations,topicDetails,recordingDetails"
9xkpwSBksIY,"snippet,statistics,contentDetails,status,liveStreamingDetails,localizations,topicDetails,recordingDetails"
"id,snippet",roupas de luxo para pet 2026,50,video,relevance,2026-03-02T00:00:00Z,2026-04-01T00:00:00Z,BR,pt
Z4Nyg4oMJlI,"snippet,statistics,contentDetails,status,liveStreamingDetails,localizations,topicDetails,recordingDetails"
Z4Nyg4oMJlI,"snippet,statistics,contentDetails,status,liveStreamingDetails,localizations,topicDetails,recordingDetails"
"snippet,statistics,contentDetails,brandingSettings",UCLc4izY3Wseh9t7-HxjS4PA
"snippet,replies",Z4Nyg4oMJlI,100,,plainText
snippet,Ugx1ogfQef_mjPNClNl4AaABAg,100,,plainText
snippet,UgyDy6JVRgnSHuB__dN4AaABAg,100,,plainText
snippet,UgyvKv2LfCv70H1R3O14AaABAg,100,,plainText
snippet,UgwkoaBJ_YJfZTPLhFB4AaABAg,100,,plainText
snippet,UgxHPI9FsTxf3h-RLrJ4AaABAg,100,,plainText
"snippet,replies",Z4Nyg4oMJlI,100,Z2V0X25ld2VzdF9maXJzdC0tQ2dnSWdBUVZGN2ZST0JJRkNJZ2dHQUFTQlFpSklCZ0FFZ1VJcUNBWUFCSUZDSWNnR0FBU0JRaWRJQmdCSWcwS0N3anJnSXZRQmhDQWdhWVA=,plainText
snippet,Ugyl5mP_IMLInFAnQcl4AaABAg,100,,plainText
snippet,UgxjBVFcLtYFjEeM60B4AaABAg,100,,plainText
"snippet,replies",Z4Nyg4oMJlI,100,Z2V0X25ld2VzdF9maXJzdC0tQ2dnSWdBUVZGN2ZST0JJRkNKMGdHQUVTQlFpSklCZ0FFZ1VJaUNBWUFCSUZDS2dnR0FBU0JRaUhJQmdBSWcwS0N3aUIxTVBQQmhDWXItY2Q=,plainText
snippet,Ugxr2tcxnBkDm-jGiYZ4AaABAg,100,,plainText
snippet,UgyicGLRA7KYDak93sB4AaABAg,100,,plainText
snippet,UgwS6wWH7L0RtTKEQJ94AaABAg,100,,plainText
snippet,UgzBu2cTehN4PP_nXht4AaABAg,100,,plainText
"snippet,replies",Z4Nyg4oMJlI,100,Z2V0X25ld2VzdF9maXJzdC0tQ2dnSWdBUVZGN2ZST0JJRkNLZ2dHQUFTQlFpSklCZ0FFZ1VJblNBWUFSSUZDSWdnR0FBU0JRaUhJQmdBSWc0S0RBamlxT3JPQmhDQTE0cnFBZw==,plainText
snippet,Ugy-MYOYbVsd6KcQCFB4AaABAg,100,,plainText
"snippet,replies",Z4Nyg4oMJlI,100,Z2V0X25ld2VzdF9maXJzdC0tQ2dnSWdBUVZGN2ZST0JJRkNJY2dHQUFTQlFpSklCZ0FFZ1VJcUNBWUFCSUZDSjBnR0FFU0JRaUlJQmdBSWc0S0RBaU94S3JPQmhDUTdaQ05BZw==,plainText
"snippet,replies",Z4Nyg4oMJlI,100,Z2V0X25ld2VzdF9maXJzdC0tQ2dnSWdBUVZGN2ZST0JJRkNKMGdHQUVTQlFpSklCZ0FFZ1VJaHlBWUFCSUZDS2dnR0FBU0JRaUlJQmdBSWc0S0RBanZfSURPQmhEbzBPZVZBZw==,plainText
snippet,Ugw9OQ8jcYvkbyS6qYl4AaABAg,100,,plainText
snippet,UgyApZ141TWQQNNnas54AaABAg,100,,plainText
snippet,UgwcityBvEbAYji6iEJ4AaABAg,100,,plainText
snippet,Ugwi1JsXxXz-W0LOA8x4AaABAg,100,,plainText
snippet,Ugxm1bNrWfH0iUNcg814AaABAg,100,,plainText
snippet,UgyIgPW9IUToJJNxVx54AaABAg,100,,plainText
snippet,UgxULLR5duFX2tXfD7F4AaABAg,100,,plainText
snippet,Ugx1ogfQef_mjPNClNl4AaABAg,100,,plainText
PP5X1dEvvxo,"snippet,statistics,contentDetails,status,liveStreamingDetails,localizations,topicDetails,recordingDetails"
PP5X1dEvvxo,"snippet,statistics,contentDetails,status,liveStreamingDetails,localizations,topicDetails,recordingDetails"
"snippet,statistics,contentDetails,brandingSettings",UCDfCE5cO96QgzvNViIkoPYw
"snippet,replies",PP5X1dEvvxo,100,,plainText
snippet,Ugw9EJvbFxqeIULQlK14AaABAg,100,,plainText
snippet,UgyzXGJM75VbKTHPjPx4AaABAg,100,,plainText
snippet,UgwFbMUlHtmvHBvG5a14AaABAg,100,,plainText
snippet,Ugx_JPK_9o7eg2n7pOh4AaABAg,100,,plainText
snippet,Ugy75j-rcOIQ0gM_5Rh4AaABAg,100,,plainText
snippet,UgxWOepJz-9OZF66isZ4AaABAg,100,,plainText
snippet,UgylI1nh4Qqs-myHWSB4AaABAg,100,,plainText
snippet,UgyjobmxJ0zLicQ-Yzp4AaABAg,100,,plainText
snippet,UgyeZM9vu86TEoy9TOV4AaABAg,100,,plainText
snippet,UgxbcJqTpFY72qzo8GB4AaABAg,100,,plainText
snippet,UgxtvElLT2Er0bPU8Jd4AaABAg,100,,plainText
snippet,UgwC99d4RbuVObCQUEl4AaABAg,100,,plainText
snippet,UgzJancpEtmVRzyebfp4AaABAg,100,,plainText
NUz0meYhA_0,"snippet,statistics,contentDetails,status,liveStreamingDetails,localizations,topicDetails,recordingDetails"
NUz0meYhA_0,"snippet,statistics,contentDetails,status,liveStreamingDetails,localizations,topicDetails,recordingDetails"
"snippet,statistics,contentDetails,brandingSettings",UCDRHZ-RN2d97SsDYYFJA_2Q
"snippet,replies",NUz0meYhA_0,100,,plainText
vYJYeZ8wguE,"snippet,statistics,contentDetails,status,liveStreamingDetails,localizations,topicDetails,recordingDetails"
vYJYeZ8wguE,"snippet,statistics,contentDetails,status,liveStreamingDetails,localizations,topicDetails,recordingDetails"
"snippet,statistics,contentDetails,brandingSettings",UCQbpbLqTcPqi-JvRsDyzaWA
"snippet,replies",vYJYeZ8wguE,100,,plainText
snippet,Ugw8mOlXq9G9gl3_N0B4AaABAg,100,,plainText
APJYDUXM4ik,"snippet,statistics,contentDetails,status,liveStreamingDetails,localizations,topicDetails,recordingDetails"
APJYDUXM4ik,"snippet,statistics,contentDetails,status,liveStreamingDetails,localizations,topicDetails,recordingDetails"
"snippet,statistics,contentDetails,brandingSettings",UCkeCD8hBjax1-2ui9QfLvJQ
"snippet,replies",APJYDUXM4ik,100,,plainText
snippet,Ugx3sQREKVS81w8S_iB4AaABAg,100,,plainText
BBJXnsPMlI4,"snippet,statistics,contentDetails,status,liveStreamingDetails,localizations,topicDetails,recordingDetails"
BBJXnsPMlI4,"snippet,statistics,contentDetails,status,liveStreamingDetails,localizations,topicDetails,recordingDetails"
"snippet,statistics,contentDetails,brandingSettings",UC-4CgaxAPN63JSp4SSDyEjQ
"snippet,replies",BBJXnsPMlI4,100,,plainText
snippet,UgywtcbIX8K-Q2aMCOJ4AaABAg,100,,plainText
snippet,UgwCZ9yOkLRQzLxu2el4AaABAg,100,,plainText
snippet,UgxE66FdWj1S0O86pSx4AaABAg,100,,plainText
"id,snippet",boutique para pet 2026,50,video,relevance,2026-03-02T00:00:00Z,2026-04-01T00:00:00Z,BR,pt
JNRy_PmCuX8,"snippet,statistics,contentDetails,status,liveStreamingDetails,localizations,topicDetails,recordingDetails"
InMq7Nf_SFA,"snippet,statistics,contentDetails,status,liveStreamingDetails,localizations,topicDetails,recordingDetails"
9jff6kRICAc,"snippet,statistics,contentDetails,status,liveStreamingDetails,localizations,topicDetails,recordingDetails"
22EjKEuizHw,"snippet,statistics,contentDetails,status,liveStreamingDetails,localizations,topicDetails,recordingDetails"
22EjKEuizHw,"snippet,statistics,contentDetails,status,liveStreamingDetails,localizations,topicDetails,recordingDetails"
"snippet,statistics,contentDetails,brandingSettings",UCksm9zYFpIq0KZ40H2LHc1g
"snippet,replies",22EjKEuizHw,100,,plainText
snippet,Ugy2hZkZun9kzbjE0sx4AaABAg,100,,plainText
snippet,UgykHSewApCLTdX88EV4AaABAg,100,,plainText
snippet,UgwTu3uUfjbhFBVZC_p4AaABAg,100,,plainText
p0_fBNrpUvI,"snippet,statistics,contentDetails,status,liveStreamingDetails,localizations,topicDetails,recordingDetails"
YlPBe84z8ds,"snippet,statistics,contentDetails,status,liveStreamingDetails,localizations,topicDetails,recordingDetails"
YlPBe84z8ds,"snippet,statistics,contentDetails,status,liveStreamingDetails,localizations,topicDetails,recordingDetails"
"snippet,statistics,contentDetails,brandingSettings",UCCmU8bUAkCkLEmeTaicIpmw
"snippet,replies",YlPBe84z8ds,100,,plainText
snippet,Ugzq5wTxSbG89tFxRQV4AaABAg,100,,plainText
snippet,UgzxquWWfrLy-lZ-0Qt4AaABAg,100,,plainText
snippet,UgzAWPGZhjdpL3qnF8V4AaABAg,100,,plainText
snippet,Ugx_Knv1Xm-UOKcs9Yt4AaABAg,100,,plainText
snippet,UgwIHutQDUgz2m18xUZ4AaABAg,100,,plainText
snippet,Ugw_ZDZoIa5wT7hPLOp4AaABAg,100,,plainText
snippet,Ugxrv7A5oqBMM7KGJW94AaABAg,100,,plainText
snippet,UgyzoSyrOnrazYIhU4h4AaABAg,100,,plainText
snippet,UgyiZlHmnqIup27iWFx4AaABAg,100,,plainText
snippet,Ugx-WMeG5APokVuCiyZ4AaABAg,100,,plainText
snippet,UgwbRrhwluk3wHQoFHJ4AaABAg,100,,plainText
snippet,UgxW8eLxVuTIk1V0D2x4AaABAg,100,,plainText
snippet,Ugy_T6ao80Zl1BnyAkN4AaABAg,100,,plainText
snippet,UgwOtYayMNW03jvSzfl4AaABAg,100,,plainText
snippet,UgzJg2VKXn6N0URn9lp4AaABAg,100,,plainText
snippet,Ugx6g3NHyNT2oC7o15F4AaABAg,100,,plainText
snippet,UgwDbqFejZg-HgnNdmp4AaABAg,100,,plainText
snippet,UgxBnkbGkbj9NnhmHG94AaABAg,100,,plainText
"snippet,replies",YlPBe84z8ds,100,Z2V0X25ld2VzdF9maXJzdC0tQ2dnSWdBUVZGN2ZST0JJRkNKMGdHQUVTQlFpSUlCZ0FFZ1VJcUNBWUFCSUZDSWtnR0FBU0JRaUhJQmdBSWc0S0RBakZ3NHZPQmhDQXVObmtBUQ==,plainText
snippet,UgyBup4ljBewcYdP7ON4AaABAg,100,,plainText
snippet,UgyqLBksshNnnJ5sUcF4AaABAg,100,,plainText
snippet,Ugw9_fO715p2Po8rghh4AaABAg,100,,plainText
snippet,UgxRQ1Yci189GDESj5B4AaABAg,100,,plainText
snippet,UgwE4wdQ6GVmcv4raS14AaABAg,100,,plainText
snippet,UgzzdYNUaJfKybnaXt94AaABAg,100,,plainText
snippet,UgyvB9O9DKVQyHwnEXt4AaABAg,100,,plainText
snippet,UgwthV6q3T2tQbS3kj94AaABAg,100,,plainText
snippet,Ugx64_AubA2GaY1FdkZ4AaABAg,100,,plainText
snippet,UgxdF2sHs8oBWjWgYB94AaABAg,100,,plainText
ZbOshXXtxHs,"snippet,statistics,contentDetails,status,liveStreamingDetails,localizations,topicDetails,recordingDetails"
6VvM5gdxeIQ,"snippet,statistics,contentDetails,status,liveStreamingDetails,localizations,topicDetails,recordingDetails"
6VvM5gdxeIQ,"snippet,statistics,contentDetails,status,liveStreamingDetails,localizations,topicDetails,recordingDetails"
"snippet,statistics,contentDetails,brandingSettings",UCLhvlb2jVuKoHceQa0lJfQQ
"snippet,replies",6VvM5gdxeIQ,100,,plainText
eomne9BDJvQ,"snippet,statistics,contentDetails,status,liveStreamingDetails,localizations,topicDetails,recordingDetails"
vvDhwaJ3gxA,"snippet,statistics,contentDetails,status,liveStreamingDetails,localizations,topicDetails,recordingDetails"
ZbE76sOu4vU,"snippet,statistics,contentDetails,status,liveStreamingDetails,localizations,topicDetails,recordingDetails"
h1rX5O2-cBw,"snippet,statistics,contentDetails,status,liveStreamingDetails,localizations,topicDetails,recordingDetails"
h1rX5O2-cBw,"snippet,statistics,contentDetails,status,liveStreamingDetails,localizations,topicDetails,recordingDetails"
"snippet,statistics,contentDetails,brandingSettings",UCHVlENviUGDc7H_ThXYtPFA
"snippet,replies",h1rX5O2-cBw,100,,plainText
snippet,UgwAEDzw41CdtxsaDUV4AaABAg,100,,plainText
snippet,UgwCuf5vqoi3ii-OBj54AaABAg,100,,plainText
snippet,Ugy4yXnJ1vJcAL_cMJ54AaABAg,100,,plainText
snippet,UgzVLzrhNmv3fnspO6R4AaABAg,100,,plainText
snippet,UgyEM7tp4nuHtWxfqI54AaABAg,100,,plainText
snippet,UgyXHq9o--c4jaY2-pt4AaABAg,100,,plainText
snippet,Ugy5PIHd2yGbCEjgv4B4AaABAg,100,,plainText
snippet,UgyQ9p9CXcNPNsCtgAx4AaABAg,100,,plainText
snippet,UgxrTiPgcBn94KtnFI14AaABAg,100,,plainText
snippet,UgwZ2IMEPqD_tKQhk094AaABAg,100,,plainText
"snippet,replies",h1rX5O2-cBw,100,Z2V0X25ld2VzdF9maXJzdC0tQ2dnSWdBUVZGN2ZST0JJRkNJY2dHQUFTQlFpSUlCZ0FFZ1VJaVNBWUFCSUZDSjBnR0FFU0JRaW9JQmdBSWcwS0N3aXdrS1BPQmhDZ19MVmg=,plainText
snippet,UgxU59sh6BWoXCuKYRZ4AaABAg,100,,plainText
snippet,UgyGbKXnIxZzjO-xReV4AaABAg,100,,plainText
snippet,Ugylu_LFlpyHN72pHct4AaABAg,100,,plainText
snippet,UgwIOHZJHftH0VcD_Sp4AaABAg,100,,plainText
snippet,Ugyjl6MYYQLilmNRRJZ4AaABAg,100,,plainText
"snippet,replies",h1rX5O2-cBw,100,Z2V0X25ld2VzdF9maXJzdC0tQ2dnSWdBUVZGN2ZST0JJRkNKMGdHQUVTQlFpSklCZ0FFZ1VJaHlBWUFCSUZDSWdnR0FBU0JRaW9JQmdBSWcwS0N3aTU0cHZPQmhEWXI3OU4=,plainText
"snippet,replies",h1rX5O2-cBw,100,Z2V0X25ld2VzdF9maXJzdC0tQ2dnSWdBUVZGN2ZST0JJRkNJY2dHQUFTQlFpZElCZ0JFZ1VJaVNBWUFCSUZDS2dnR0FBU0JRaUlJQmdBSWc0S0RBaXduNXJPQmhEb3JPZVdBdw==,plainText
snippet,UgyGYECGpjTo2kZCL7V4AaABAg,100,,plainText
snippet,UgyHtudHRZs8zPcOUGZ4AaABAg,100,,plainText
snippet,Ugwf2rftY89kqceVkvV4AaABAg,100,,plainText
"snippet,replies",h1rX5O2-cBw,100,Z2V0X25ld2VzdF9maXJzdC0tQ2dnSWdBUVZGN2ZST0JJRkNKMGdHQUVTQlFpSElCZ0FFZ1VJaVNBWUFCSUZDSWdnR0FBU0JRaW9JQmdBSWc0S0RBaXk0cGJPQmhEb180YS1BZw==,plainText
snippet,Ugyh7cjyqxqs8JXgboV4AaABAg,100,,plainText
snippet,Ugysw30i2u9YllWcr0F4AaABAg,100,,plainText
snippet,UgwLeHczPDz9dJIn7ah4AaABAg,100,,plainText
"snippet,replies",h1rX5O2-cBw,100,Z2V0X25ld2VzdF9maXJzdC0tQ2dnSWdBUVZGN2ZST0JJRkNJa2dHQUFTQlFpZElCZ0JFZ1VJaHlBWUFCSUZDS2dnR0FBU0JRaUlJQmdBSWc0S0RBakMzcFRPQmhEZ3lvbUVBdw==,plainText
snippet,UgyG4g-sOxFQLq9HXTl4AaABAg,100,,plainText
snippet,UgyKFufwUvULaT5y1SF4AaABAg,100,,plainText
"snippet,replies",h1rX5O2-cBw,100,Z2V0X25ld2VzdF9maXJzdC0tQ2dnSWdBUVZGN2ZST0JJRkNLZ2dHQUFTQlFpZElCZ0JFZ1VJaVNBWUFCSUZDSWNnR0FBU0JRaUlJQmdBSWc0S0RBamE1WV9PQmhDNGllT2pBUQ==,plainText
snippet,UgywEfxF0yXHv0szsO14AaABAg,100,,plainText
"snippet,replies",h1rX5O2-cBw,100,Z2V0X25ld2VzdF9maXJzdC0tQ2dnSWdBUVZGN2ZST0JJRkNJY2dHQUFTQlFpZElCZ0JFZ1VJcUNBWUFCSUZDSWtnR0FBU0JRaUlJQmdBSWcwS0N3aVpnNGJPQmhEd3gtQjI=,plainText
"snippet,replies",h1rX5O2-cBw,100,Z2V0X25ld2VzdF9maXJzdC0tQ2dnSWdBUVZGN2ZST0JJRkNJZ2dHQUFTQlFpb0lCZ0FFZ1VJaHlBWUFCSUZDSjBnR0FFU0JRaUpJQmdBSWc0S0RBaUE5dl9OQmhEd280eVRBZw==,plainText
snippet,Ugz1EGLiH3ahCvEYZVh4AaABAg,100,,plainText
snippet,UgzWncera2wphqa0wc94AaABAg,100,,plainText
snippet,UgwAPB7Ca8vmyMn4Q2d4AaABAg,100,,plainText
snippet,Ugzw08qmdLFarfvHqOh4AaABAg,100,,plainText
snippet,Ugy2dDbMv6q5on8dpMt4AaABAg,100,,plainText
snippet,Ugzfxw2T5AhO4ooP3594AaABAg,100,,plainText
snippet,UgxpKOKhwBsYI91E4rt4AaABAg,100,,plainText
snippet,UgyZESXbhFcgUG0oCrx4AaABAg,100,,plainText
"snippet,replies",h1rX5O2-cBw,100,Z2V0X25ld2VzdF9maXJzdC0tQ2dnSWdBUVZGN2ZST0JJRkNJY2dHQUFTQlFpSUlCZ0FFZ1VJcUNBWUFCSUZDSWtnR0FBU0JRaWRJQmdCSWcwS0N3akctZnpOQmhDWXVOQjM=,plainText
snippet,UgyrzPNo-jVqveQYgvB4AaABAg,100,,plainText
snippet,UgyUF66wBTcAZRMECkd4AaABAg,100,,plainText
snippet,Ugx0HzTVOF27TwtCwa14AaABAg,100,,plainText
snippet,UgzoQmKG2m29A1ZJYXh4AaABAg,100,,plainText
snippet,UgwIcBIy5jabhNNnC3x4AaABAg,100,,plainText
snippet,UgwXYtOqAV15v7k7yR94AaABAg,100,,plainText
snippet,Ugyl9SA3DYuhLTQtcBt4AaABAg,100,,plainText
snippet,Ugw_0mjOwDhMDqXQhWt4AaABAg,100,,plainText
snippet,Ugz5eVzfrXRn16M4Vpl4AaABAg,100,,plainText
snippet,UgyGvxLgEQJdgshY6aZ4AaABAg,100,,plainText
snippet,UgxY_e8P0Mo0Oqz_LYl4AaABAg,100,,plainText
snippet,UgwwroQST7fYffFYhV54AaABAg,100,,plainText
snippet,UgzQ4iyUtauRo9GWIQt4AaABAg,100,,plainText
snippet,Ugx03s57LkzYtTlFbdh4AaABAg,100,,plainText
snippet,Ugy2w6UAn-WiibuMGrt4AaABAg,100,,plainText
snippet,Ugw5fkPow7G90S7HtoV4AaABAg,100,,plainText
snippet,UgzR6rP1NYL02OkRk2R4AaABAg,100,,plainText
snippet,Ugz1DKv6STf0Q_e1WHF4AaABAg,100,,plainText
snippet,UgzyY294EIQGpQbpZB94AaABAg,100,,plainText
snippet,Ugxt8ASMskLCVwq6gs14AaABAg,100,,plainText
snippet,UgxO-RtBC_4GfW0DOt54AaABAg,100,,plainText
snippet,UgyN3jqremwsApknt9Z4AaABAg,100,,plainText
snippet,UgwiAvdeEtNiI-rUFZJ4AaABAg,100,,plainText
snippet,UgwdV0YJoUsqOVHuQOp4AaABAg,100,,plainText
snippet,UgwjjameU5bscMX06ix4AaABAg,100,,plainText
snippet,UgxLA_DGqXPGtmCRahJ4AaABAg,100,,plainText
snippet,Ugyc7rtOfl_ZvxikjJx4AaABAg,100,,plainText
snippet,UgxXpNtoifpHkMRZSlZ4AaABAg,100,,plainText
snippet,UgwnY9cvoqvkpmcb8314AaABAg,100,,plainText
snippet,UgyqskWBH7weTcRHCzF4AaABAg,100,,plainText
snippet,Ugy2sfaQ55zdXdeURtd4AaABAg,100,,plainText
snippet,UgyvIxkPOACXvwqUKh14AaABAg,100,,plainText
snippet,UgwN7ix83KW1u-f2LYh4AaABAg,100,,plainText
snippet,UgwACbrfB8rp96KsHLl4AaABAg,100,,plainText
snippet,UgwNGPiLKJR0mg_aEGd4AaABAg,100,,plainText
snippet,UgyhGNU59_U49xcVtYZ4AaABAg,100,,plainText
"snippet,replies",h1rX5O2-cBw,100,Z2V0X25ld2VzdF9maXJzdC0tQ2dnSWdBUVZGN2ZST0JJRkNJa2dHQUFTQlFpb0lCZ0FFZ1VJaHlBWUFCSUZDSWdnR0FBU0JRaWRJQmdCSWc0S0RBamNsdnpOQmhDWW85bWdBUQ==,plainText
snippet,UgylW3sxlFp8d887BJR4AaABAg,100,,plainText
snippet,Ugyv2i0zpCW8bGbpBIR4AaABAg,100,,plainText
snippet,UgzY3hRAw2OIb7--FmJ4AaABAg,100,,plainText
snippet,UgyKBcLntTceb8rEdeh4AaABAg,100,,plainText
snippet,UgxYul24qS-KQcYC4B54AaABAg,100,,plainText
snippet,Ugzc9Dkb4d0tJxaYQ4d4AaABAg,100,,plainText
snippet,UgxOPn3gqc_oObG6AHt4AaABAg,100,,plainText
snippet,UgxrQ3lntLQrzC1viYB4AaABAg,100,,plainText
snippet,Ugzfe7GuNFHJQzLpVYh4AaABAg,100,,plainText
snippet,Ugwd97x99m0q1GwkEJB4AaABAg,100,,plainText
"snippet,replies",h1rX5O2-cBw,100,Z2V0X25ld2VzdF9maXJzdC0tQ2dnSWdBUVZGN2ZST0JJRkNJZ2dHQUFTQlFpSElCZ0FFZ1VJaVNBWUFCSUZDS2dnR0FBU0JRaWRJQmdCSWc0S0RBaXo2UHZOQmhESXZadXdBUQ==,plainText
snippet,Ugy36NWByAMvAA4OGkZ4AaABAg,100,,plainText
snippet,UgyxJJzbVZmTUqIxgAZ4AaABAg,100,,plainText
snippet,UgyWTwJQdFYocRLx2aZ4AaABAg,100,,plainText
snippet,UgxH0N2b_TfZbAcpVwV4AaABAg,100,,plainText
"snippet,replies",h1rX5O2-cBw,100,Z2V0X25ld2VzdF9maXJzdC0tQ2dnSWdBUVZGN2ZST0JJRkNJa2dHQUFTQlFpSUlCZ0FFZ1VJaHlBWUFCSUZDSjBnR0FFU0JRaW9JQmdBSWcwS0N3aWR4UHZOQmhEd3E0cDY=,plainText
snippet,UgxSEZPUXKDhJFBHR2J4AaABAg,100,,plainText
snippet,UgyXtcbsT6VowSCnlyF4AaABAg,100,,plainText
snippet,Ugw2jWJg4JRYRLGWaoN4AaABAg,100,,plainText
snippet,UgxOdpEiYhFre_XF4PB4AaABAg,100,,plainText
"snippet,replies",h1rX5O2-cBw,100,Z2V0X25ld2VzdF9maXJzdC0tQ2dnSWdBUVZGN2ZST0JJRkNKMGdHQUVTQlFpSElCZ0FFZ1VJaVNBWUFCSUZDSWdnR0FBU0JRaW9JQmdBSWc0S0RBaW1vZnZOQmhEWTJlV0pBdw==,plainText
snippet,UgwOV7aN-pUgnb7mEX14AaABAg,100,,plainText
snippet,UgyHYlmdS7gwxgu8et54AaABAg,100,,plainText
snippet,UgzPI1Wfu71HYchPU0V4AaABAg,100,,plainText
"snippet,replies",h1rX5O2-cBw,100,Z2V0X25ld2VzdF9maXJzdC0tQ2dnSWdBUVZGN2ZST0JJRkNLZ2dHQUFTQlFpSklCZ0FFZ1VJblNBWUFSSUZDSWNnR0FBU0JRaUlJQmdBSWc0S0RBaVE3X3JOQmhDbzdiTGlBZw==,plainText
snippet,UgyacZAdXzkPtDLIfsZ4AaABAg,100,,plainText
snippet,UgzGpR1YFJfF9WaLUd94AaABAg,100,,plainText
snippet,UgzfZXGy5kNF35isCdF4AaABAg,100,,plainText
snippet,Ugwu0J9WVcHnT3toynZ4AaABAg,100,,plainText
snippet,UgxaBkVLG-5bL-FFg5h4AaABAg,100,,plainText
snippet,Ugx4HSgspmMlGHkQIix4AaABAg,100,,plainText
"snippet,replies",h1rX5O2-cBw,100,Z2V0X25ld2VzdF9maXJzdC0tQ2dnSWdBUVZGN2ZST0JJRkNJZ2dHQUFTQlFpSklCZ0FFZ1VJcUNBWUFCSUZDSjBnR0FFU0JRaUhJQmdBSWcwS0N3anNuX3JOQmhDUTdyUjI=,plainText
snippet,UgyUljxH9QPsic2ZfVF4AaABAg,100,,plainText
snippet,Ugy5PuzovgzPMVDL7eF4AaABAg,100,,plainText
snippet,Ugy2bvepYc-RuzHaK3B4AaABAg,100,,plainText
snippet,Ugznk1OlSV0_QhnQjWV4AaABAg,100,,plainText
snippet,UgwuF5SYmnSpPn_cOgB4AaABAg,100,,plainText
snippet,UgwsYgxuqLpmyd-M4bx4AaABAg,100,,plainText
snippet,Ugx3TNZdCOYA84yVNMJ4AaABAg,100,,plainText
snippet,Ugyk_l-7wcZJtDsov394AaABAg,100,,plainText
snippet,Ugzae3-NTaTnEPwrklx4AaABAg,100,,plainText
snippet,Ugwafk7IfOoGcP3KfCt4AaABAg,100,,plainText
snippet,UgzgjNAvm1nE4HdnZ614AaABAg,100,,plainText
snippet,UgzgFfa7dgm1gDCwttR4AaABAg,100,,plainText
snippet,UgzjVAeTc_oNaepU1jR4AaABAg,100,,plainText
snippet,UgzUVjo8AvQAuOljIzZ4AaABAg,100,,plainText
snippet,UgwJeDUIN4-feMtCOSt4AaABAg,100,,plainText
snippet,UgzVtbObxL_HsYPonjR4AaABAg,100,,plainText
snippet,UgyBsEvUvYRLEG8CVLJ4AaABAg,100,,plainText
snippet,UgyYA-FS92u3jeSlRlx4AaABAg,100,,plainText
snippet,UgyzfGGLKMOZ6BTnaR14AaABAg,100,,plainText
m_sFvE1WIKg,"snippet,statistics,contentDetails,status,liveStreamingDetails,localizations,topicDetails,recordingDetails"
iDibSdkHVks,"snippet,statistics,contentDetails,status,liveStreamingDetails,localizations,topicDetails,recordingDetails"
QWXxUEIJtPI,"snippet,statistics,contentDetails,status,liveStreamingDetails,localizations,topicDetails,recordingDetails"
QWXxUEIJtPI,"snippet,statistics,contentDetails,status,liveStreamingDetails,localizations,topicDetails,recordingDetails"
"snippet,statistics,contentDetails,brandingSettings",UCUH-xqIgxY01zXfumPK9jWQ
"snippet,replies",QWXxUEIJtPI,100,,plainText
snippet,UgxkCYNAkWyFzxHbvpR4AaABAg,100,,plainText
snippet,Ugwe5HkiePPYNWtgNtx4AaABAg,100,,plainText
"snippet,replies",QWXxUEIJtPI,100,Z2V0X25ld2VzdF9maXJzdC0tQ2dnSWdBUVZGN2ZST0JJRkNJa2dHQUFTQlFpSElCZ0FFZ1VJblNBWUFSSUZDSWdnR0FBU0JRaW9JQmdBSWc0S0RBakN6Y2pQQmhEWWlJYU9BUQ==,plainText
snippet,UgwrGFt2zXsfFvH_lDt4AaABAg,100,,plainText
snippet,UgzFSJOF0fsAadS7O3d4AaABAg,100,,plainText
snippet,UgxIY8WMftjB54j_85p4AaABAg,100,,plainText
snippet,Ugz5YQjzkmBaawf5NRB4AaABAg,100,,plainText
snippet,UgxFHSatZA02BGvmbkp4AaABAg,100,,plainText
"snippet,replies",QWXxUEIJtPI,100,Z2V0X25ld2VzdF9maXJzdC0tQ2dnSWdBUVZGN2ZST0JJRkNJZ2dHQUFTQlFpSElCZ0FFZ1VJaVNBWUFCSUZDSjBnR0FFU0JRaW9JQmdBSWcwS0N3amM4cFhPQmhESS00Y1g=,plainText
snippet,Ugxlihv-O5yRlZF2HBt4AaABAg,100,,plainText
snippet,Ugx2V2wAzSbOy_HuQVJ4AaABAg,100,,plainText
snippet,UgzY7s1G8mkIMQ1V95l4AaABAg,100,,plainText
snippet,UgyNrXJBkq5_Aa6YKYl4AaABAg,100,,plainText
snippet,UgwPwNTen0HXkumF_JJ4AaABAg,100,,plainText
snippet,UgwNEYSQ5xiTGonRoGF4AaABAg,100,,plainText
"snippet,replies",QWXxUEIJtPI,100,Z2V0X25ld2VzdF9maXJzdC0tQ2dnSWdBUVZGN2ZST0JJRkNKMGdHQUVTQlFpSklCZ0FFZ1VJaUNBWUFCSUZDSWNnR0FBU0JRaW9JQmdBSWc0S0RBakx3NEhPQmhDdy1ZMmJBdw==,plainText
snippet,UgzS_xqsUL1lGETXUZl4AaABAg,100,,plainText
snippet,Ugy3F4ih0Z27jar16yV4AaABAg,100,,plainText
snippet,UgyvJ7YGvMKzdh1iHVd4AaABAg,100,,plainText
snippet,UgyB86iwcyevKEJkSVx4AaABAg,100,,plainText
snippet,UgzFeNgv1Sg_22ShuZZ4AaABAg,100,,plainText
snippet,UgxvJh8OizlWurVwvUh4AaABAg,100,,plainText
snippet,Ugy319x2NHUq-tnREE54AaABAg,100,,plainText
"snippet,replies",QWXxUEIJtPI,100,Z2V0X25ld2VzdF9maXJzdC0tQ2dnSWdBUVZGN2ZST0JJRkNJZ2dHQUFTQlFpZElCZ0JFZ1VJaVNBWUFCSUZDS2dnR0FBU0JRaUhJQmdBSWc0S0RBaTd0dnpOQmhDdzlhSDhBUQ==,plainText
snippet,UgyLfBz3Py8XZYTkJox4AaABAg,100,,plainText
snippet,Ugy3HO5icDb3oBVeb_p4AaABAg,100,,plainText
snippet,UgwA3uWHDW5JVTW-JlB4AaABAg,100,,plainText
snippet,Ugx1AmBEqKqHYs57ADV4AaABAg,100,,plainText
snippet,UgwNQSvCIoX7FWIhNux4AaABAg,100,,plainText
snippet,Ugwuf0yoqr4WQWZ2Ith4AaABAg,100,,plainText
snippet,Ugw7CseYBmrCJjJryAN4AaABAg,100,,plainText
snippet,UgworhDBKDfid6BL97B4AaABAg,100,,plainText
snippet,UgwLlZ4JOY_MOZVqs8N4AaABAg,100,,plainText
snippet,UgzeBPhCSM7LLfjNqph4AaABAg,100,,plainText
snippet,UgxB6dCv6Nvyibnpg1V4AaABAg,100,,plainText
snippet,Ugx6aE_o9ozMYuc62VV4AaABAg,100,,plainText
snippet,Ugzk5sxljKMJvK_rwO94AaABAg,100,,plainText
snippet,UgyS1nPYv3sZSuD44Pd4AaABAg,100,,plainText
snippet,UgxDKqvGoJofPzClV4t4AaABAg,100,,plainText
snippet,UgxkCYNAkWyFzxHbvpR4AaABAg,100,,plainText
yqMOZOAk918,"snippet,statistics,contentDetails,status,liveStreamingDetails,localizations,topicDetails,recordingDetails"
yqMOZOAk918,"snippet,statistics,contentDetails,status,liveStreamingDetails,localizations,topicDetails,recordingDetails"
"snippet,statistics,contentDetails,brandingSettings",UCpL921MtAn7wMrqVkAILlww
"snippet,replies",yqMOZOAk918,100,,plainText
snippet,UgyZBOM29e42xPQB0Ut4AaABAg,100,,plainText
snippet,UgzdjU9Ktw0QPYDtsqh4AaABAg,100,,plainText
snippet,Ugyo7Elm1AstXNMwdmx4AaABAg,100,,plainText
MuPudPGSLig,"snippet,statistics,contentDetails,status,liveStreamingDetails,localizations,topicDetails,recordingDetails"
K8Kk7Lyl8uA,"snippet,statistics,contentDetails,status,liveStreamingDetails,localizations,topicDetails,recordingDetails"
K8Kk7Lyl8uA,"snippet,statistics,contentDetails,status,liveStreamingDetails,localizations,topicDetails,recordingDetails"
"snippet,statistics,contentDetails,brandingSettings",UC-MtqCYIciNsQ5NQ4nzfTbQ
"snippet,replies",K8Kk7Lyl8uA,100,,plainText
snippet,UgzFjXEw-PKh-ExIFl14AaABAg,100,,plainText
"id,snippet",roupas de luxo para pet 2026,50,video,relevance,2026-01-31T00:00:00Z,2026-03-02T00:00:00Z,BR,pt
iZ77Px8djJQ,"snippet,statistics,contentDetails,status,liveStreamingDetails,localizations,topicDetails,recordingDetails"
"id,snippet",boutique para pet 2026,50,video,relevance,2026-01-31T00:00:00Z,2026-03-02T00:00:00Z,BR,pt
SEPrKyLR6dA,"snippet,statistics,contentDetails,status,liveStreamingDetails,localizations,topicDetails,recordingDetails"
zxb-B-Y4xtM,"snippet,statistics,contentDetails,status,liveStreamingDetails,localizations,topicDetails,recordingDetails"
zxb-B-Y4xtM,"snippet,statistics,contentDetails,status,liveStreamingDetails,localizations,topicDetails,recordingDetails"
"snippet,statistics,contentDetails,brandingSettings",UCh2RUFEH0Fkms3AWjoVnGqA
"snippet,replies",zxb-B-Y4xtM,100,,plainText
shVG0rml4bQ,"snippet,statistics,contentDetails,status,liveStreamingDetails,localizations,topicDetails,recordingDetails"
dEJcIcSpPgg,"snippet,statistics,contentDetails,status,liveStreamingDetails,localizations,topicDetails,recordingDetails"
xagmggI1Tn8,"snippet,statistics,contentDetails,status,liveStreamingDetails,localizations,topicDetails,recordingDetails"
xagmggI1Tn8,"snippet,statistics,contentDetails,status,liveStreamingDetails,localizations,topicDetails,recordingDetails"
"snippet,statistics,contentDetails,brandingSettings",UCSmYjR_Vvk9hxmt1k_c5Oqg
"snippet,replies",xagmggI1Tn8,100,,plainText
Dp6wp_03GUA,"snippet,statistics,contentDetails,status,liveStreamingDetails,localizations,topicDetails,recordingDetails"
Dp6wp_03GUA,"snippet,statistics,contentDetails,status,liveStreamingDetails,localizations,topicDetails,recordingDetails"
"snippet,statistics,contentDetails,brandingSettings",UC-P99oUexYilHFnCZTnmgTg
"snippet,replies",Dp6wp_03GUA,100,,plainText
snippet,UgwGsQFQWkJONPJazAB4AaABAg,100,,plainText
snippet,UgwxjGkY6eBBVSyxWnl4AaABAg,100,,plainText
snippet,Ugw2ZYRMU6CZu4mP5xx4AaABAg,100,,plainText
LyNZGSG4rT4,"snippet,statistics,contentDetails,status,liveStreamingDetails,localizations,topicDetails,recordingDetails"
LyNZGSG4rT4,"snippet,statistics,contentDetails,status,liveStreamingDetails,localizations,topicDetails,recordingDetails"
"snippet,statistics,contentDetails,brandingSettings",UCpTRbodKq5Seub3P2j0itHg
"snippet,replies",LyNZGSG4rT4,100,,plainText
snippet,UgynoLdEmobYlLc56_94AaABAg,100,,plainText
snippet,UgzBAXP20cCsnOTo44t4AaABAg,100,,plainText
snippet,UgxzCjJWb_nDprFy7m14AaABAg,100,,plainText
snippet,UgxVDJ6zruRI6JhmpVB4AaABAg,100,,plainText
snippet,UgwpNY5QBZWn55E3Ezp4AaABAg,100,,plainText
snippet,Ugx74JDA58DMkwBLD0x4AaABAg,100,,plainText
snippet,Ugwd6_84JPhTzV6XYdF4AaABAg,100,,plainText
snippet,Ugx3-W8UqqgUnBXpgSl4AaABAg,100,,plainText
snippet,Ugw-E4apt-yjvqWNqw14AaABAg,100,,plainText
snippet,Ugxa8YE1Uzm3FCim6qV4AaABAg,100,,plainText
snippet,Ugy9ssNEZJ8eiMYJFOV4AaABAg,100,,plainText
I9IpwqaBKYU,"snippet,statistics,contentDetails,status,liveStreamingDetails,localizations,topicDetails,recordingDetails"
ty7hC230Jco,"snippet,statistics,contentDetails,status,liveStreamingDetails,localizations,topicDetails,recordingDetails"
ty7hC230Jco,"snippet,statistics,contentDetails,status,liveStreamingDetails,localizations,topicDetails,recordingDetails"
"snippet,statistics,contentDetails,brandingSettings",UCufZQQPJDOb9Iw2jDeYafBg
"snippet,replies",ty7hC230Jco,100,,plainText
snippet,Ugx8IwBD1J8uz70hDtd4AaABAg,100,,plainText
snippet,UgwIBxji3P3MXaW9CyF4AaABAg,100,,plainText
snippet,UgysREcbhfomWZEgj3x4AaABAg,100,,plainText
snippet,UgxWzk7Nf2zWD_SHlqt4AaABAg,100,,plainText
snippet,UgzvnOu2HIGiBG7Ms6B4AaABAg,100,,plainText
snippet,UgxN__jc5b2xxvqI1kl4AaABAg,100,,plainText
"id,snippet",roupas de luxo para pet 2026,50,video,relevance,2026-01-01T00:00:00Z,2026-01-31T00:00:00Z,BR,pt
i4JO1z6L0Ag,"snippet,statistics,contentDetails,status,liveStreamingDetails,localizations,topicDetails,recordingDetails"
2Kj-Iv4SA5o,"snippet,statistics,contentDetails,status,liveStreamingDetails,localizations,topicDetails,recordingDetails"
riswQcmJHow,"snippet,statistics,contentDetails,status,liveStreamingDetails,localizations,topicDetails,recordingDetails"
"id,snippet",boutique para pet 2026,50,video,relevance,2026-01-01T00:00:00Z,2026-01-31T00:00:00Z,BR,pt
7rX2XV0Asvk,"snippet,statistics,contentDetails,status,liveStreamingDetails,localizations,topicDetails,recordingDetails"
7rX2XV0Asvk,"snippet,statistics,contentDetails,status,liveStreamingDetails,localizations,topicDetails,recordingDetails"
"snippet,statistics,contentDetails,brandingSettings",UCTlVddSMf7OldGlANtT3Mhg
"snippet,replies",7rX2XV0Asvk,100,,plainText
snippet,Ugy7Vv6WdwJ2UioQ59J4AaABAg,100,,plainText
snippet,Ugz30qGwYnOV1tWXcxF4AaABAg,100,,plainText
snippet,UgxOlTuFFU1wO6AV3sN4AaABAg,100,,plainText
snippet,UgytE8VWREpMhe8wMLJ4AaABAg,100,,plainText
snippet,UgyyKStR6R5yTqzrVwd4AaABAg,100,,plainText
snippet,Ugyhgh9mH7GYq4lH5kV4AaABAg,100,,plainText
2XqzbiFw-NQ,"snippet,statistics,contentDetails,status,liveStreamingDetails,localizations,topicDetails,recordingDetails"
VVHsNUTEXpc,"snippet,statistics,contentDetails,status,liveStreamingDetails,localizations,topicDetails,recordingDetails"
VVHsNUTEXpc,"snippet,statistics,contentDetails,status,liveStreamingDetails,localizations,topicDetails,recordingDetails"
"snippet,statistics,contentDetails,brandingSettings",UC02v1J6aluIO3el11Kz55cQ
"snippet,replies",VVHsNUTEXpc,100,,plainText
snippet,UgyWlcGxWaB6eCBRx6p4AaABAg,100,,plainText
snippet,Ugw8aMavh8SsbdBVjiJ4AaABAg,100,,plainText
snippet,UgzgoKsE2HTlf21Iwft4AaABAg,100,,plainText
snippet,UgzkBcf5rofZ1Ety0rR4AaABAg,100,,plainText
snippet,Ugw5pjXTOp5NVXRCtpp4AaABAg,100,,plainText
snippet,Ugzc7dkkALTrufvVXO54AaABAg,100,,plainText
snippet,UgzLKDAPr-Elc8k2nO94AaABAg,100,,plainText
bISKNG6T5wo,"snippet,statistics,contentDetails,status,liveStreamingDetails,localizations,topicDetails,recordingDetails"
L6WxBzQVOZc,"snippet,statistics,contentDetails,status,liveStreamingDetails,localizations,topicDetails,recordingDetails"
L6WxBzQVOZc,"snippet,statistics,contentDetails,status,liveStreamingDetails,localizations,topicDetails,recordingDetails"
"snippet,statistics,contentDetails,brandingSettings",UCabQZbHHRFLScNgIPa7QCRA
"snippet,replies",L6WxBzQVOZc,100,,plainText
LtAPjEWH6UE,"snippet,statistics,contentDetails,status,liveStreamingDetails,localizations,topicDetails,recordingDetails"
2cqWLcXg8FM,"snippet,statistics,contentDetails,status,liveStreamingDetails,localizations,topicDetails,recordingDetails"
2cqWLcXg8FM,"snippet,statistics,contentDetails,status,liveStreamingDetails,localizations,topicDetails,recordingDetails"
"snippet,statistics,contentDetails,brandingSettings",UCRNoGr2ZGJ8sUUj3lr5UCOA
"snippet,replies",2cqWLcXg8FM,100,,plainText
snippet,UgwE0VW3kksl9y8gbrx4AaABAg,100,,plainText
snippet,Ugy5yz7TrZdK73V6OX94AaABAg,100,,plainText
PT1IX7FvYf4,"snippet,statistics,contentDetails,status,liveStreamingDetails,localizations,topicDetails,recordingDetails"
PT1IX7FvYf4,"snippet,statistics,contentDetails,status,liveStreamingDetails,localizations,topicDetails,recordingDetails"
"snippet,statistics,contentDetails,brandingSettings",UC36mNFIUGAFJhKND1mzsHiA
"snippet,replies",PT1IX7FvYf4,100,,plainText
qv_Ryzk8Tgc,"snippet,statistics,contentDetails,status,liveStreamingDetails,localizations,topicDetails,recordingDetails"
VMbH2KnJZkY,"snippet,statistics,contentDetails,status,liveStreamingDetails,localizations,topicDetails,recordingDetails"
