channel_id,title,description,published_at,country,view_count,comment_count,subscriber_count,video_count,is_verified,keywords,profile_picture_url
UCbOokXOV-k0YeLhi-yAh3-w,Sereia Quiz,"🧜‍♀️ Sereia Quiz é um canal divertido e mágico com quizzes divertidos, desafios e perguntas interativas para aprender brincando!
Venha mergulhar nesse mundo do fundo do mar, testar seus conhecimentos e se divertir com a Sereia 💙✨
",2025-12-15T19:49:39.862622Z,,1727742,0,18700,13,False,,https://yt3.ggpht.com/wbwljCUUM4_YLaI3vgwZgEMXR6dcncz-YpporshoTXuwHxtUNI9_XGctfW3EP_kyVF_bEr7z8w=s88-c-k-c0x00ffffff-no-rj
UC27-v-X7tP2gi29W-m8R5gQ,Shark Tank Latam,"Bienvenido a Shark Tank Latam, el canal oficial donde podrás disfrutar de los momentos más emocionantes de Shark Tank México, Shark Tank Colombia y Shark Tank Brasil. Aquí encontrarás todoos los pitches de emprendedores latinoamericanos, negociaciones llenas de tensión, ofertas millonarias y el análisis de los inversionistas más reconocidos de la región.

En cada video, visionarios presentan sus ideas de negocio frente a un panel de tiburones que buscan invertir en las oportunidades más prometedoras. Desde startups tecnológicas y productos innovadores, hasta negocios familiares y propuestas disruptivas, este es el lugar donde los sueños se ponen a prueba y solo los más preparados logran cerrar un trato.

Y sí, la Temporada 10 de Shark Tank México ya está disponible en YouTube, con nuevos episodios todos los lunes y jueves a las 9PM.

Suscríbete y acompáñanos dentro del tanque, donde cada decisión puede cambiar el destino de un negocio.
",2024-02-13T21:53:51.173822Z,US,149358654,0,239000,1758,False,"""Shark Tank Latam"" ""Shark Tank Colombia"" ""Shark Tank México"" ""Shark Tank Brasil"" ""Shark Tank"" tiburones ""los tiburones"" ""tiburones mexico shark tank"" ""shark tank mexico peores ideas"" ""tanque de tiburones"" sharktank shartan emprendimientos ""rodrigo herrera"" ""arturo elias"" ""shark tank mexico nueva temporada"" ""shark tank 2025"" ""shark tank global"" ""shark tank america"" ""shark tank us"" ""dragons den"" ""reality tv"" ""shark tank pitches"" ""shark tank episodios"" ""shark tank new episodes"" ""pitches shark tank""",https://yt3.ggpht.com/dpLmVDrxFNVWKzG1DZE4Ur2rvoSFkKgtUwnom_SoQHWCjXuxRGgKhaBAM6NCstuSl0ebqUbm=s88-c-k-c0x00ffffff-no-rj
UCEKOGRvbli0XzuBc6Wpae8g,Crochê ao Avesso,"Crochê Canhoto Sem Mistério

""Cansado de tentar acompanhar tutoriais para destros e ter que 'mentalmente inverter' tudo? Você está no lugar certo! 🧶✨

Este canal foi criado exclusivamente para quem faz arte com a mão esquerda. Aqui, o foco é o passo a passo real para canhotos, desde os pontos básicos até peças completas e modernas.

O que você encontra aqui:

Tutoriais detalhados e lentos.

Dicas de ergonomia e como segurar a agulha.

Leitura de gráficos para canhotos.

Se inscreva para finalmente aprender crochê do seu jeito, sem confusão!""
",2026-03-07T23:51:13.439852Z,BR,2859,0,84,17,False,,https://yt3.ggpht.com/vkF1hw7B215-aiT1lvuPcywNoi8X2hWc3gDB33ioWLnjnSEokbrF1GAfeHOmL5PtJLoff3ws=s88-c-k-c0x00ffffff-no-rj
UCOOISv2NsoDaQQNMN8pEZdA,Dressa Carolinne,"Olá, sou a Andressa Carolinne, tenho 30 anos e moro em Goiás. Adoro tudo que envolve criatividade, customização e DIY (faça você mesmo).
Criei o canal para colocar idéias em prática e criar coisas reutilizando e decorando. 

Compartilhe suas criações comigo também, usando a Hashtag #aprendicomadressa

Se você é uma empresa, entre em contato através do e-mail: contato@dressacarolinne.com.br",2011-07-25T18:03:08Z,BR,136920879,0,1080000,827,False,"Diy decoração ""faça você mesmo"" ""do it yourself"" manualidades ""passo a passo"" artesanato ""Dressa Carolinne"" ""Andressa Carolinne"" ""como fazer"" ""how to make"" vlog",https://yt3.ggpht.com/D7GpOiQGAVXmn_zM2YEdj6cEVF0VfwAbBqCDm7c0RmCcUmLxfl5YeTF-vzmhpkP_Ky6NlBBlJQ=s88-c-k-c0x00ffffff-no-rj
UC0Iq_yxSU0rNUoSpho9FS7Q,Jacque Oliveira,"Olá pessoal, me chamo Jacqueline Dias Oliveira, casada e mãe de uma linda menina, vim compartilhar a vida da minha família com todos vocês, além de passeios, viagens, tours, receitas e muito mais, espero que gostem do nosso conteúdo e faça parte dessa família, inscrevendo-se aqui no nosso cantinho! 😘",2023-01-03T15:08:23.615574Z,BR,1293478,0,11500,164,False,"familia vlog ""daily vlog"" rotina mudança ""casa nova"" ""mudança casa"" comprinhas decoração ""meu segundo ap"" ""ap na planta"" ""mobiliando do zero"" ""dona de casa"" ""tour pelo ap"" tour ""casa nova"" ""tour pela minha casinha"" ""imóvel próprio"" ""meu canal"" ""começando um canal"" ""canal do zero"" ""jacque dias"" ""jack dias"" ""jaque dias"" ""compras do mês"" ""comprinhas para o lar"" achadinhos shopee comprinhas ""dicas de casa"" ""dicas de decoração"" ""vida real"" ""vlog casa"" ""decorando minha casa"" ""arrumação de casa""",https://yt3.ggpht.com/11i8L1qINPFB4tmY4-IOTAeKvRe4y7D86Bj8yLYfpBQn_83jXYpQApMOG75-dodDiSrhVRwutLE=s88-c-k-c0x00ffffff-no-rj
UCBI09ux7akOIT_oY2UFnh9Q,João Paulo Grandão,,2015-08-29T14:06:17Z,BR,39091785,0,191000,1786,False,"memes ""Joao paulo grandao"" ""João Paulo Grandão"" ""João Paulo"" Grandão Notícias Opinião",https://yt3.ggpht.com/R0XroEF1VYlSTdF1JTUGnLfu1mlD-HvdnXoohnzyTwa5xRdwxeeYkd4ia7htAWrgNAKIZ3Zi=s88-c-k-c0x00ffffff-no-rj
UChoIBiLdpXqqamkUF_9QEcQ,BOBAPIC PT,"🎬 BOBAPIC PT é um canal de entretenimento divertido com vídeos no estilo sitcom, desafios criativos de construção e situações engraçadas do dia a dia.
🏠 Divirta-se com desafios de construção de casas, reformas de cômodos e histórias leves repletas de humor, surpresas e momentos divertidos 😂✨

📅 Vídeos novos todos os dias!

🔔 Inscreva-se no BOBAPIC PT e nunca perca uma dose diária de diversão e criatividade.
",2026-02-09T09:22:39.224233Z,BR,3732360,0,8720,43,False,"bobapic ""bobapic PT"" ""desafios divertidos"" ""desafios de construção"" ""desafio de construção de casa"" ""reforma de quarto"" ""sitcom videos"" ""funny situations"" ""creative challenges"" ""one color challenge"" ""diy building"" ""vídeos de desafio"" ""reforma de casa"" ""desafio de reforma de quarto"" ""BOBAPIC PT""",https://yt3.ggpht.com/tzNQKLGftMY0rfMTKtgPC7F_zWxhBBp-0I_zXKRfNJXpE0O7ViqK3osKHgusoBODXUihYqTk_Q=s88-c-k-c0x00ffffff-no-rj
UCmbBt0JpdxCoJdaTOeooNdQ,EMPREENDEDORES PET ,"🐾 Bem-vindo ao canal certo para quem quer abrir ou crescer no ramo pet!
Aqui você encontra dicas práticas e diretas para montar sua casa de ração ou pet shop, aprender a vender mais e lucrar de verdade no mercado pet.

📌 Canal criado em abril de 2022

🔎 Guia do canal:
📅 Vídeos novos: Domingos às 16h
🎞️ Shorts todos os dias às 14h

👉 Se inscreva e evolua com a gente!
O sucesso do seu pet shop começa por aqui. 🚀",2022-01-09T23:15:31.573989Z,BR,656431,0,7810,772,False,"""mercado pet"" ""pet shop"" RAÇÃO CACHORRO GATO ""GANHAR DINHEIRO NO PET SHOP"" ""casa de ração"" ""ficar rico com pet shop"" ""como montar um pet shop"" ""como montar uma casa de ração"" ""CASA DE RAÇÃO DÁ DINHEIRO"" ""COMO ABRIR UMA CASA DE RAÇÃO"" ""distribuidor pet"" ""dicas para pet shop"" ""como montar pet shop"" ""como montar pet shop"" Magnus ""SPECIAL Dog"" ""Distribuidora petshop"" Petshop Dispenser ""Plast pet"" AGROPECUÁRIA ""LOJA DE RAÇÃO"" ""DICAS PET SHOP"" ""MERCADO PET"" ""Fornecedor petshop"" ""Feira Superpet""",https://yt3.ggpht.com/W4jqu_U6ta51rihlRbi0giPGPOGLLOCsI9JJZrwRMJixk6gSzq-dxAy70KLV9rV-bEos9GEizg=s88-c-k-c0x00ffffff-no-rj
UCpN8uqhKRLWtfSh5EYMrGow,Mary Quiz,"✨Bem-vindos ao canal Mary Quiz BR! Aqui você encontra quizzes interativos, jogos das escolhas, desafios divertidos e muita criatividade para toda a família! Diversão garantida em cada vídeo! ✨
",2023-02-26T00:11:13.612468Z,BR,7433220,0,622000,21,False,"quiz ""mary quizbr"" monte ""escolha seu presente"" ""jogo das perguntas"" ""o que você prefere"" ""perguntas e respostas"" ""qual voce escolhe"" ""shorts quiz"" ""quiz shorts"" ""mary quizbr"" ""o que você prefere"" ""jogo das escolhas"" ""mary quiz oficial"" ""material escolar"" ""monte do seu jeito"" ""jogo das escolhas"" ""monte seu material escolar"" ""monte seu lanche"" ""material escolar fofinho"" quiz ""jogos online"" ""monte seu material escolar"" ""monte sua necessaire"" stitch hellokitty ""bobbie goods"" ""livro de colorir""",https://yt3.ggpht.com/kMscaO_W4gfbnSKGJ5BQgZhXaBy5DZKeatEr3C__dTEOLBqtFPFkOVjZ2x0j0sMakIn9wpXxqDA=s88-c-k-c0x00ffffff-no-rj
UCFtWXzqzenfuLTrAnacbRtg,MISTÉRIOS & CHARADAS,"Aqui você vai encontrar desafios interativos, jogos de escolha, testes rápidos, adivinhações, ""o que você prefere?"", enigmas, ilusão de ótica e muito mais!

🧠 Toda semana, novos vídeos para brincar, pensar, escolher e se surpreender!
💬 Comente suas respostas, desafie seus amigos e divirta-se com nossos conteúdos criativos!

Se você ama quiz, diversão e curiosidades, esse canal é pra você!

🎥 Inscreva-se e ative o sininho para não perder nenhum desafio!
",2024-07-06T02:31:46.937736Z,BR,2299020,0,17500,168,False,"""misterios e charadas"" perguntaserespostas ""quiz interativo"" ""desafio de perguntas"" ""aprenda de forma divertida"" ""jogos de conhecimento"" ""quiz para todas as idades"" ""desafio educativo"" ""jogo de perguntas"" ""aprenda brincando"" ""teste seus conhecimentos"" canaldequiz quiz desafios",https://yt3.ggpht.com/QIe4gVLbo-EeeLApWpUr7XjR1Yr6_8SZFpsWctFiHlllt3sCKeLW7cOPMAw8ALLtOuyKVYLziQ=s88-c-k-c0x00ffffff-no-rj
UCs0r9v3oazJfbEtM3tSU1kA,Bella | Mini Dachshund ,"Daily Puppy Content & Pet Finds 🧡
Things we love & recommend✨

",2026-01-29T15:37:39.81939Z,,3090254,0,6180,65,False,,https://yt3.ggpht.com/M9kGn9cq5IieInIdZAgLrVvTqucA9gvNgOAVY7aDHoRckva8WEEPIeNX36DeDJ9o1q9-oaOwXQ=s88-c-k-c0x00ffffff-no-rj
UC3E8z5P4FemGLQRXixxHL3g,Gravycatman,"I make cat videos
",2013-12-06T04:38:44Z,US,2799326250,0,4310000,4400,False,gravycatman roblox gaming cat,https://yt3.ggpht.com/ytc/AIdro_lo_2z-QrrE9ZlMzHdn0XeB0lx9pPoMbEb7Bo6Ew3D2eFo=s88-c-k-c0x00ffffff-no-rj
UC36mNFIUGAFJhKND1mzsHiA,Tiny Paws Fashion Dog Boutique ,"🐾 Welcome to Tiny Paws Boutique! 🐾
Your destination for luxury small dog clothing and accessories. From cozy sweaters and designer harness sets to adorable bows and carriers — we bring style, comfort, and quality together for your fashionable pup. 💕

✨ Shop our latest collections and make every walk a runway moment!
📍 Based in Chicago | Shipping nationwide

#TinyPawsBoutique #DogClothes #LuxuryPetFashion #SmallDogStyle #PetAccessories #DogBoutique",2025-10-18T14:24:15.145307Z,,111058,0,127,87,False,,https://yt3.ggpht.com/cYb8Y-NeaPIALTCVwtJ_fQn4azZdwDXm-FSXWT_rZ3Rl5q_7kcuufrHsG0QxkHytRmkeq7oP2Nk=s88-c-k-c0x00ffffff-no-rj
UCLc4izY3Wseh9t7-HxjS4PA,BuuQuiz,"Olá, seja bem vind@ ao BuuQuiz!

Se você é uma pessoa curiosa, esperta e gosta de quiz, desafios, quebra cabeça, passa tempo e diversão, seu lugar é aqui!
Venha se divertir com o melhor do universo de perguntas e respostas.

Um super valeu do fantasminha curioso. 👻

#buuquiz #quiz #oqvcprefere #qualvocêprefere #jogodasescolhas #desafios #quizbuu
",2022-12-13T17:24:00.46259Z,BR,97003027,0,1990000,879,False,"buuquiz quiz diversão quizdofantasma ""perguntas e respostas"" jogos animação ""quiz do fantasminha"" ""qual você prefere"" ""qual vc prefere"" ""jogo das escolhas"" ""o que você prefere"" ""escolha seu presente"" adivinhe emoji adivinhe adivinhar jogodasescolhas animação diversão #zerei quiz zerei Buuquiz ""o que você prefere"" desafios ""quiz desafios"" ""30 mega perguntas"" buuquiz ""jogos online"" ""qual vc prefere"" desafios ""30 mega desafios"" ""30 super desafios""",https://yt3.ggpht.com/wRVywBQdCXp19Xwr66d53rorxtrX1Te50VIyKUpyS1pZ4bob2EQvkmAVwdFLTKTjWA-G6Tsc5eA=s88-c-k-c0x00ffffff-no-rj
UCDfCE5cO96QgzvNViIkoPYw,Pri Santos ,"Seja bem-vinda 💖
Um cantinho de beleza, autocuidado e rotina
Vlogs, comprinhas e momentos simples que eu amo ✨",2016-03-07T23:02:26Z,,2895020,0,299000,27,False,,https://yt3.ggpht.com/YOFdSU7Uq_jRsUslfXkK16f-MerWwa2g9_wnvYlqT2dQlmiN-OwncQXhMRaLN4bKSP-CRxCwrQ=s88-c-k-c0x00ffffff-no-rj
UCDRHZ-RN2d97SsDYYFJA_2Q,Globo Quiz,"Seja bem-vindo ao Globo Quiz! 🌍✨ Aqui, desafiamos mentes e garantimos diversão! 🧠💡 Mergulhe em um mundo de perguntas intrigantes, curiosidades fascinantes e desafios estimulantes. Dos enigmas mais divertidos aos quebra-cabeças mais desafiadores, nossa missão é proporcionar uma experiência envolvente para todos os amantes de quizzes. Prepare-se para testar seus conhecimentos, descobrir novas curiosidades e competir com amigos enquanto exploramos juntos o fascinante universo do conhecimento. 🚀💡 Inscreva-se agora e junte-se à comunidade Globo Quiz para uma jornada de diversão, aprendizado e entretenimento sem fim! 🎉🔍
",2022-09-28T22:22:36.877806Z,BR,25679018,0,196000,449,False,"quiz trivia conhecimento desafio entretenimento ""perguntas e respostas"" jogo diversão enigmas quebra-cabeças ""jogos mentais"" teste ""desafios diários"" ""quiz online"" ""jogos de perguntas"" ""jogo de quiz"" ""globo quiz"" ""jogo da escolha"" ""qual você prefere"" ""diversão online"" ""o que você prefere"" ""jogo das escolhas"" ""escolha seu presente"" ""jogo de filme"" jogos jogodasescolhas ""qual vc prefere"" ""filme disney"" ""diversão online"" ""universo quiz"" ""maca quiz"" ""quiz globoquiz"" globoquiz ""quiz do astronalta""",https://yt3.ggpht.com/qgFqqdp_fK3SnDH4nRWY93jk6I9QqI4ZDXTwjnoJte9rxwGECc-CPqpYk_fB8oJJk-b8SpmCCxw=s88-c-k-c0x00ffffff-no-rj
UCQbpbLqTcPqi-JvRsDyzaWA,Marte Quiz,"🛸Bem-vindo ao MARTE QUIZ!🛸

Aqui, a diversão é de outro planeta! 🌟 Teste seus conhecimentos com nossos quizzes super divertidos e interativos! 🎉

🕹️O que esperar?
- Quizzes emocionantes 🎮
- Desafios divertidos 🧠
- Muitas risadas e diversão 😂

Venha se aventurar e descobrir novos conhecimentos com a gente! Inscreva-se e embarque nessa jornada espacial de diversão! 🌌✨

Vamos lá, astronauta!🛸👽👽
",2024-08-02T15:04:31.849556Z,BR,2914716,0,23000,148,False,"""jogo das escolhas"" ""jogo interativo"" ""qual você escolhe"" ""escolha certa"" ""o que você prefere"" ""vídeo de escolhas"" ""sim ou não"" ""monte sua vida"" ""escolha seu prêmio"" ""jogo divertido"" ""vídeo de brincadeira"" ""vídeo divertido"" ""jogo criativo"" ""quiz de escolhas"" ""desafio divertido"" quiz ""perguntas e respostas"" ""teste seu conhecimento"" ""só os gênios conseguem"" ""verdadeiro ou falso"" ""vídeo infantil"" ""vídeo para crianças"" ""desafio infantil"" ""vídeo de quiz"" ""quiz infantil"" ""marte quiz"" escolhas",https://yt3.ggpht.com/lPixSajgx3aCmsEhLjNP-1Nap9pr_Mqjq5ZSw6zlds8fX8YdSM5AW0WsdeO5QA3_dsgkajvd5Qk=s88-c-k-c0x00ffffff-no-rj
UCkeCD8hBjax1-2ui9QfLvJQ,Aury Moda Pet: Costura e Moldes,"Bem-vindo ao canal da Aury! Aqui você aprende tudo sobre costura pet de um jeito simples e prático. Meu objetivo é ajudar você a criar roupinhas para cachorro e gato, seja para presentear seus filhos de quatro patas ou para criar um negócio lucrativo de moda pet.

No canal, você encontra tutoriais de passo a passo de costura, dicas de modelagem e muitos moldes gratuitos de vestidos, bandanas, blusas de frio e acessórios pet.

Se você é iniciante na costura ou já tem experiência, inscreva-se para acompanhar as novidades e baixar seus moldes no meu blog!

#costuracriativa #artesanatoemtecido #modapet #roupas #roupasinfantis #costurapassoapasso #costurainiciantes #rendaextracomcostura #moldes #moldesgratis #modapet #pets #dog #petfashion #roupaspet

",2025-05-15T19:33:32.357796Z,BR,95441,0,3380,35,False,"""Costura Pet"" ""Moda Pet"" ""Roupa para cachorro"" ""Roupa para gato"" ""DIY Pet"" ""Molde de roupa pet grátis"" ""Passo a passo costura pet"" ""Como fazer roupa de cachorro"" ""Modelagem pet"" ""Acessórios para pets"" ""Bandana pet"" ""Vestido para pet"" ""Blusa de frio para cachorro"" ""Fantasia pet""",https://yt3.ggpht.com/IkCycObRznJheatK8QlBwKyxf5XMe6K1IrFsdjN0Y54rFACGKywyMPKpresfS2Cjj9iVH2B_=s88-c-k-c0x00ffffff-no-rj
UC-4CgaxAPN63JSp4SSDyEjQ,Liloca Quiz,"Sejam Bem-vindas ao Liloca Quiz, venha se divertir através de quizzes divertidos. Aqui você vai montar seu material escolar, sua bebê reborn e muito mais... 
Então já se inscreve no nosso canal e ative as notificações para a diversão.
",2025-07-15T19:17:30.711048Z,BR,3805443,0,24000,74,False,"quiz ""qual você prefere"" ""monte sua casa"" ""monte sua penteadeira"" ""jogo das escolhas"" quizzes ""monte sua vida"" ""quiz de maquiagem"" ""quiz de comida"" ""jogos e desafios"" ""quiz interativo"" ""quiz inteligente"" ""monte seu material escolar""",https://yt3.ggpht.com/UfymMuIbNbhPjPoBmSIAbUxt53w8Va6AskM8yUd0cVz-O8SuljJ7ECw1jel4W8D8dB_f_hfzxQ=s88-c-k-c0x00ffffff-no-rj
UCHVlENviUGDc7H_ThXYtPFA,Bridgit's Barking Bow-tique,"Hi Fur-ends! 🐶 
I’m Bridgit, owner of Barking Bow-tique Dog Grooming. I am a home based groomer in southwest Florida that provides one-on-one, cage free and stress free grooming. 
I specialize in creative color, trauma dog care and making people laugh! 😂 
I live my job and I’m very happy for the opportunity to share my passion with everyone. 
Make sure to check out additional content and daily livestreams on TikTok: @bridgitsbarkingbowtique
Any inquiries should be directed to Instagram (bridgitsbarkingbowtique) or Email (infobarkingbowtique@gmail.com) 
Thanks for watching, smell ya later ! ✨💕",2024-11-07T02:17:04.335652Z,,74595984,0,115000,339,False,,https://yt3.ggpht.com/avpRgIqbMMSbE9hu28_4oyP9xmjNC-Qb2M65uhR2G3hkuiX_xFMvH2omMuQ74IAYtpZZOmkL2g=s88-c-k-c0x00ffffff-no-rj
UCksm9zYFpIq0KZ40H2LHc1g,Life With Klee Kai,"Copper and Skye are two Alaskan Klee Kai dogs who are small in stature but have big personalities.

Skye, our black and white Alaskan Klee Kai, was born in September 2017, is the older sibling and likes to think she's the boss of the house. Women power!

Her little brother Copper, who is our red and white Alaskan Klee Kai pup, completed our little family in early 2018. He is five months younger than Skye, but they share the same Dad,  who was a red Klee Kai like Copper.

Alaskan Klee Kai is a breed growing in popularity, although we're often asked if Copper and Skye are a Husky puppies, a Chihuahua and Husky mix or Pomsky dogs.

We hope that our channel, Life With Klee Kai, can shed light on our experience with the breed, providing information and plenty of laughs.

In 2025, we launched our new business Daea Well. You can follow our journey with this business on @mendwithendo and @daeawell.

",2018-10-19T00:15:53Z,US,760954203,0,1050000,2135,False,,https://yt3.ggpht.com/h_d2yVFfGdZthFboQpj5NqIuOk3vOrBCpa4Hy33-7uaJh_JtdU4YDPCGIABOIk9IvKOzc-KOppo=s88-c-k-c0x00ffffff-no-rj
UCCmU8bUAkCkLEmeTaicIpmw,Cookie Cutter,"Subscribe if you love roblox videos!

I play popular Roblox games like adopt me and show how to do things in roblox like how to make robux and roblox challenges! I'm a family friendly gaming creator, Get ready for a wild adventure. 

Use star code ""CANDY"" when buying robux, premium or roblox gift cards
Want to join me in roblox? use this! www.roblox.com/join/Cookie
My Roblox Username: CookieCutter

More ways you can watch my content and see behind the scenes!
📷Instagram @Mattyajp
👻snapchat @mattyajp
🐦twitter @CookieCutterYT""
🎮join my discord - https://discord.gg/5bmejc3 
discord username- CookieCutterYT

Using my roblox star code ""Candy"" gives me a commission from roblox as a partnership 

\/
For business enquiries contact the email bellow.
businesscookiecutter@gmail.com
",2014-04-30T16:02:15Z,GB,379000029,0,1170000,4294,False,"""cookie cutter"" CookieCutter ""roblox cookie cutter"" ""adopt me roblox"" ""adopt me"" roblox ""cookie cutter adopt me"" ""adopt me roblox""",https://yt3.ggpht.com/ytc/AIdro_m8Hzqqbk8NS7rDiaWqiO_77bq5TLTW027LJWO4hu9f38g=s88-c-k-c0x00ffffff-no-rj
UCLhvlb2jVuKoHceQa0lJfQQ,A Love Melody | The Beast Boutique,"Welcome to A Love Melody.

A storytelling space where music, pets, and small business creativity collide.

Featuring moments from The Beast Boutique and beyond — from lucky dogs to cool cats, brand-building experiments, and everything in between.

Because every brand deserves a soundtrack.
",2018-04-13T10:35:06Z,US,3907,0,7,33,False,AI,https://yt3.ggpht.com/Ufa8rH9ZZMDA0Jh--EEVlFVyMMxhcCgSqWQ7k1cTQ6Q-xi9nCzEFiqn_zmU4wMculos3n3B0AJw=s88-c-k-c0x00ffffff-no-rj
UC-MtqCYIciNsQ5NQ4nzfTbQ,The Apawthecary Co.,"Simple. Effective. Cozy.

The Apawthecary Co. is a family-owned brand creating handcrafted skin essentials, body care, and cozy home fragrance designed for real homes and everyday routines.

On this channel, you’ll see behind the scenes of how our products are made — from pouring candles and scooping scrubs to blending lotions and packaging orders. We focus on texture, process, and the satisfying details that make handcrafted products feel different.

Our goal is simple: create products that actually work, feel good to use, and bring comfort into your space.

Inspired by the homes we live in and the pets we love, everything is made with intention, care, and a little personality.

Handcrafted. Pawsitive Vibes.
",2026-02-01T20:01:20.439836Z,US,25664,0,5,35,False,"Boutique Apothecary ""Skin Care"" ""Body Care"" Candles Handmade Crafted Shopping",https://yt3.ggpht.com/mn1L52pkwmdcqHw44xLlCM-Sv0cQUuGXqRKiieJL2XkIAEdMWbivCEoN_F1OZD9vfpjukkxe=s88-c-k-c0x00ffffff-no-rj
UCS8FGf2D0xg8feiS7y-ol3w,GigglewithSwati_1111,"self❤️ self-respect is the top most priority#
#family#cookingwithpassion#Dream big, sparkle more,shine bright✨
Be your own kind of beautiful 🌸
Blessed with little miracles 💖
Motherhood powered by love & coffee ☕",2012-06-08T09:07:15Z,,152783,0,211,210,False,,https://yt3.ggpht.com/m43Y94lbpLSxM0qJK5m4QFyE17uPa8wKImeKhs_TOZTAsl00pIhJPaPfgHfEFxslcjkfoUCE=s88-c-k-c0x00ffffff-no-rj
UCK-wS3adud0PIad2lgaQL9A,Elizabeth Kendall,"Fun, Lovable and cute dog grooming videos 💕",2021-08-18T23:30:02.119118Z,,4010037,0,12800,300,False,,https://yt3.ggpht.com/__EJhPKRaX5JCamwULVyqtWwhnNq0jOZgkcSSI0Aqi0ay8_w0AHbjweY9JT4tR9JiWwYS32o=s88-c-k-c0x00ffffff-no-rj
UCfpgSH5ubd9c3cDlgmcYLOA,Symbiotic Design,,2026-02-09T01:33:19.026813Z,US,279250,0,1820,233,False,,https://yt3.ggpht.com/ytc/AIdro_nlK0XZCHPihWVQ4ZXtf5b8YpsaViKGdlcNQOujPdbuOV75OJmCMvjy0UMhDlldDDfeTw=s88-c-k-c0x00ffffff-no-rj
UCksm9zYFpIq0KZ40H2LHc1g,Life With Klee Kai,"Copper and Skye are two Alaskan Klee Kai dogs who are small in stature but have big personalities.

Skye, our black and white Alaskan Klee Kai, was born in September 2017, is the older sibling and likes to think she's the boss of the house. Women power!

Her little brother Copper, who is our red and white Alaskan Klee Kai pup, completed our little family in early 2018. He is five months younger than Skye, but they share the same Dad,  who was a red Klee Kai like Copper.

Alaskan Klee Kai is a breed growing in popularity, although we're often asked if Copper and Skye are a Husky puppies, a Chihuahua and Husky mix or Pomsky dogs.

We hope that our channel, Life With Klee Kai, can shed light on our experience with the breed, providing information and plenty of laughs.

In 2025, we launched our new business Daea Well. You can follow our journey with this business on @mendwithendo and @daeawell.

",2018-10-19T00:15:53Z,US,760954203,0,1050000,2135,False,,https://yt3.ggpht.com/h_d2yVFfGdZthFboQpj5NqIuOk3vOrBCpa4Hy33-7uaJh_JtdU4YDPCGIABOIk9IvKOzc-KOppo=s88-c-k-c0x00ffffff-no-rj
UCh2RUFEH0Fkms3AWjoVnGqA,Mel's Pet Boutique,"
Instagram: @melspetboutique

❤️ | Conforto, sofisticação e exclusividade • Desde 2017
✨ | Design & Decor único para o seu pet
✈  | Envios para todo Brasil
📞 | Whatsapp (32) 99990-3497 ",2021-12-31T01:21:48.612238Z,,184588,0,385,44,False,,https://yt3.ggpht.com/AMw-ax1fGdA3Pqi2xuduNtpp30bULQKEE4DOh8gBLptBi_5NBdk-YeaM2PkG6mfI_ntFkMrx8Q=s88-c-k-c0x00ffffff-no-rj
UCSmYjR_Vvk9hxmt1k_c5Oqg,vAi NIKHIL,,2022-01-03T01:54:42.121328Z,,20234,0,11,29,False,,https://yt3.ggpht.com/O2m23zKfXJ-auksaGvhxds8Pnb_akFDip3TKtqTs9StXyENkTCMQUvMWwi2QHK8_ZD7efkVz=s88-c-k-c0x00ffffff-no-rj
UC-P99oUexYilHFnCZTnmgTg,itsfinlay,"Welcome Bestie! 💕 I am so happy that you are here, and I’m so excited to be here with you all!! 😻🫶🏻

I post the latest Tips, Tricks & Tutorials- so you NEVER miss out on Content!! ⭐️ 

I LOVE Roblox, so SUBSCRIBE for a variety of games… 🎮

SUBSCRIBE to become an ITSFIN”SLAY”, and join our Wonderful Community, where EVERYONE is Welcome! 💕

YouTube Shorts posted Daily! ♥ 

📩Business/promo & collabs: itsfinslay@icloud.com
",2023-05-13T08:53:00.377598Z,GB,96739822,0,248000,794,False,,https://yt3.ggpht.com/HCNsRdxkDUoAhyFDsSXiS8vp8f4-Tn8jAM647AGBfJtQXxkNEc8RrF4OOsjaJ_NDhf1xiVa1tZQ=s88-c-k-c0x00ffffff-no-rj
UCpTRbodKq5Seub3P2j0itHg,Loveheart Roblox,"Greetings, fellow Roblox enthusiasts! It's your girl, Loveheart, and I'm thrilled to welcome you to my exciting world. 💕

I'm a huge fan of playing Adopt Me on Roblox, and I'm here to share my passion with all of you. Join me on my daily trading adventures by subscribing to my channel and becoming a part of my exclusive Loveshines Club! 😍

Get ready for non-stop entertainment, epic gameplay, and plenty of fun surprises along the way. Trust me, you won't want to miss a single video! So what are you waiting for? Hit that subscribe button and let's explore the world of Adopt Me together! 🚀

",2020-06-22T20:16:11.536275Z,GB,35810756,0,49600,2729,False,,https://yt3.ggpht.com/ytc/AIdro_mcNRO1iRbYOkGcyDtNGCSTro6cuMspHe4o7XmrjaiyKQ=s88-c-k-c0x00ffffff-no-rj
UCqtMGX1eb10IF2YSRikg5Cg,Proctor House Rottweilers,"Proctor House Rottweilers 
located in Arizona
Designer Gorilla BloodLine
Loving Family Protectors 
Like us on Facebook & Follow us on instagram @ProctorHouseRottweilers 
",2020-07-04T23:51:29.963111Z,,10486476,0,47600,587,False,,https://yt3.ggpht.com/qim2KkWu-Y0482ik6APZQ_CiOiqxbp7M6pzZpAj7B56E84LeXnA4-h753v12JJW4G8wFHmZn4XE=s88-c-k-c0x00ffffff-no-rj
UCTlVddSMf7OldGlANtT3Mhg,Claudenir Oliver,"Ola, seja bem vindo ao nosso canal de videos. esse canal foi criado para mostrar  e guardar alguns videos que gostamos. se inscreva no canal e receba aviso sobre novos videos!
",2008-03-22T14:11:43Z,BR,8936613,0,71900,758,False,"estofador estofaria cabeceira capitonê pufes sofas paineis ""project estofados"" botões forrar camas pufes cadeiras cambara melhor moto kawasaki conforto cilindradas edição serra espuma densidade cabeceiras grampeador cola almofada estrutura parafusadeira furadeira serra ""mercado pet"" petshop aviário ração ""casa de ração"" loja ""banho e tosa"" veterinario pet cachorro gato cão ""special dog"" golden",https://yt3.ggpht.com/0o94h1GPjDQVsKA-SBYwNg52YJkvxuHOJu9gpz2wUosWnXvXFiyFtNpGL_jf-0frudGhi80TNgI=s88-c-k-c0x00ffffff-no-rj
UC02v1J6aluIO3el11Kz55cQ,DaniSquish,"Find me at @danisquishie & @dani_californi 🍀🧿🌀
Professional collector, amateur custom plushie creator & RN,BSN  🏳️‍🌈🩷💜💙
DM/email for collaborations 🧚‍♀️
",2014-05-02T23:59:56Z,,301039142,0,293000,1512,False,,https://yt3.ggpht.com/x6PBE-o8X7J4xruJI61pi1CrJPiDclKs7_YArP1fGILAO59AbtBDGimWigWw4EzVv3h8c-FwXw=s88-c-k-c0x00ffffff-no-rj
UCabQZbHHRFLScNgIPa7QCRA,Your Friend Oreo,"Hi, I am Oreo. I am your favorite four-legged adventurer. Join me as I embark on daily laughs and love. Don't forget to hit that subscribe button and turn your notifications on do you never miss a paw-some day!

Here is Oreos Amazon store front. All items have been approved by Oreo🐶

https://amzn.to/3GVOzYQ",2012-04-14T23:31:06Z,US,663301,0,2770,469,False,,https://yt3.ggpht.com/sdXF0HgwqyyJMWFe2bsz66hBk9u79JWuyzZfustP_LpcuS90qTldRoEoPVQyjrMcuA1Hf03P=s88-c-k-c0x00ffffff-no-rj
UCRNoGr2ZGJ8sUUj3lr5UCOA,Petswcourt ★,"Hello! 
Welcome to my YouTube channel

New videos EVERY SUNDAY!

I also have TikTok and instagram which are both under the name @petswcourt

Subscribe to see more videos with my pets 🐰


https://linktr.ee/Petswcourt",2023-10-05T21:18:00.242219Z,GB,131905,0,2050,60,False,,https://yt3.ggpht.com/2knFu_PRgZwTHYuI5vmVNU3N5cJ6y31koFZf9h1J9WColu1TaTNSBq8S_G1N7fA8byOS4Hzb6g=s88-c-k-c0x00ffffff-no-rj
UC36mNFIUGAFJhKND1mzsHiA,Tiny Paws Fashion Dog Boutique ,"🐾 Welcome to Tiny Paws Boutique! 🐾
Your destination for luxury small dog clothing and accessories. From cozy sweaters and designer harness sets to adorable bows and carriers — we bring style, comfort, and quality together for your fashionable pup. 💕

✨ Shop our latest collections and make every walk a runway moment!
📍 Based in Chicago | Shipping nationwide

#TinyPawsBoutique #DogClothes #LuxuryPetFashion #SmallDogStyle #PetAccessories #DogBoutique",2025-10-18T14:24:15.145307Z,,111058,0,127,87,False,,https://yt3.ggpht.com/cYb8Y-NeaPIALTCVwtJ_fQn4azZdwDXm-FSXWT_rZ3Rl5q_7kcuufrHsG0QxkHytRmkeq7oP2Nk=s88-c-k-c0x00ffffff-no-rj
UCmLMCblAhPV3Pfiqq1_mQAQ,#1 GAMER DAD - Viper_Toffi,"Welcome to Viper_Toffi - The #1 Gamer Dad! 🚀

I am a former Professional Gamer and Elite Gaming Coach. I have trained players to National Team levels, and now I use my 20+ years of experience to help you grow.

My Achievements:
🏆 Norwegian Champion (Battlefield 2)
🌍 Scandinavian Champion & World-Ranked Commander
🧠 Former National Team Level Coach

I focus on Pet Simulator 99, Collect All Pets, and technical ""How-To"" guides to help you level up. As a father of two, I show that you can balance ""Pro Life"" and ""Dad Life.""

💎 JOIN THE VIPER SQUAD
Click ""JOIN"" to unlock exclusive perks:

Connect & Explore:
🎮 Discord: https://discord.gg/SXp64XFwDD
📚 Wiki: https://vipertoffi.wixsite.com/vipers-gaming-wiki
👕 Merch: https://streamlabs.com/1gamerdad-viper_toffi/merch
🧱 Roblox: https://www.roblox.com/groups/13830331/1-Gamer-Dads-Studio
🐦 Twitter: @Viper_Toffi
",2022-01-20T01:12:00.821568Z,NO,13886717,0,431000,2191,False,"Viper_Toffi ""Gamer Dad"" ""Professional Gamer"" ""Norwegian Champion"" ""Scandinavian Champion"" ""Pet Simulator 99"" PS99 ""How to get Huge Pet"" ""PS99 Guide"" ""Collect All Pets"" ""CAP Guide"" ""CAP Wiki"" Roblox ""Gaming Coach"" ""Esports Coaching"" ""Battlefield 2"" ""World of Tanks"" ""How to fix YouTube"" ""Hidden Comments Fix"" ""Gaming Tutorials"" 1GamerDad ""Viper Toffi"" ""Norwegian YouTuber"" ""Gaming Community"" Membership Discord ""Exclusive Content"" ""Pro Gaming Tips"" Resilience Motivation ""Dad Gamer"" ""Level Up""",https://yt3.ggpht.com/1VYoGfTl4L8EeZPUFNuc2_ChmAhjiiIO9WYn0ImtNZwj8odYkG8OPsAIvNYBWrnRUm0pXjZ9=s88-c-k-c0x00ffffff-no-rj
